date,year,month,index,growth_rate,sector
2012-04-01,2012,April,104.1,4.1,Basic Metals
2012-05-01,2012,May,119.3,19.3,Basic Metals
2012-06-01,2012,June,106.4,6.4,Basic Metals
2012-07-01,2012,July,109.5,9.5,Basic Metals
2012-08-01,2012,August,101.3,1.3,Basic Metals
2012-09-01,2012,September,105.3,5.3,Basic Metals
2012-10-01,2012,October,102.9,2.9,Basic Metals
2012-11-01,2012,November,104.5,4.5,Basic Metals
2012-12-01,2012,December,109.9,9.9,Basic Metals
2013-01-01,2013,January,109.9,9.9,Basic Metals
2013-02-01,2013,February,105.5,5.5,Basic Metals
2013-03-01,2013,March,115.5,15.5,Basic Metals
2013-04-01,2013,April,113.0,8.5,Basic Metals
2013-05-01,2013,May,114.2,-4.3,Basic Metals
2013-06-01,2013,June,104.1,-2.2,Basic Metals
2013-07-01,2013,July,112.5,2.7,Basic Metals
2013-08-01,2013,August,113.8,12.3,Basic Metals
2013-09-01,2013,September,109.8,4.3,Basic Metals
2013-10-01,2013,October,107.4,4.4,Basic Metals
2013-11-01,2013,November,108.8,4.1,Basic Metals
2013-12-01,2013,December,111.5,1.5,Basic Metals
2014-01-01,2014,January,120.4,9.6,Basic Metals
2014-02-01,2014,February,115.2,9.2,Basic Metals
2014-03-01,2014,March,119.7,3.6,Basic Metals
2014-04-01,2014,April,117.9,4.3,Basic Metals
2014-05-01,2014,May,127.6,11.7,Basic Metals
2014-06-01,2014,June,125.7,20.7,Basic Metals
2014-07-01,2014,July,126.5,12.4,Basic Metals
2014-08-01,2014,August,123.7,8.7,Basic Metals
2014-09-01,2014,September,119.5,8.8,Basic Metals
2014-10-01,2014,October,123.8,15.3,Basic Metals
2014-11-01,2014,November,123.8,13.8,Basic Metals
2014-12-01,2014,December,124.1,11.3,Basic Metals
2015-01-01,2015,January,128.3,6.6,Basic Metals
2015-02-01,2015,February,116.8,1.4,Basic Metals
2015-03-01,2015,March,124.1,3.7,Basic Metals
2015-04-01,2015,April,124.1,5.3,Basic Metals
2015-05-01,2015,May,126.7,-0.7,Basic Metals
2015-06-01,2015,June,124.3,-1.1,Basic Metals
2015-07-01,2015,July,126.3,-0.2,Basic Metals
2015-08-01,2015,August,124.0,0.2,Basic Metals
2015-09-01,2015,September,118.6,-0.8,Basic Metals
2015-10-01,2015,October,119.0,-3.9,Basic Metals
2015-11-01,2015,November,115.1,-7.0,Basic Metals
2015-12-01,2015,December,121.7,-1.9,Basic Metals
2016-01-01,2016,January,126.8,-1.2,Basic Metals
2016-02-01,2016,February,126.1,8.0,Basic Metals
2016-03-01,2016,March,138.7,11.8,Basic Metals
2016-04-01,2016,April,122.4,-1.4,Basic Metals
2016-05-01,2016,May,134.6,6.2,Basic Metals
2016-06-01,2016,June,131.0,5.4,Basic Metals
2016-07-01,2016,July,126.6,0.2,Basic Metals
2016-08-01,2016,August,133.7,7.8,Basic Metals
2016-09-01,2016,September,129.8,9.4,Basic Metals
2016-10-01,2016,October,130.7,9.8,Basic Metals
2016-11-01,2016,November,120.7,4.9,Basic Metals
2016-12-01,2016,December,133.2,9.4,Basic Metals
2017-01-01,2017,January,137.3,8.3,Basic Metals
2017-02-01,2017,February,129.1,2.4,Basic Metals
2017-03-01,2017,March,137.7,-0.7,Basic Metals
2017-04-01,2017,April,131.1,7.1,Basic Metals
2017-05-01,2017,May,135.4,0.6,Basic Metals
2017-06-01,2017,June,135.1,3.1,Basic Metals
2017-07-01,2017,July,131.7,4.0,Basic Metals
2017-08-01,2017,August,136.2,1.9,Basic Metals
2017-09-01,2017,September,133.1,2.5,Basic Metals
2017-10-01,2017,October,138.6,6.0,Basic Metals
2017-11-01,2017,November,136.6,13.2,Basic Metals
2017-12-01,2017,December,140.3,5.3,Basic Metals
2018-01-01,2018,January,143.7,4.7,Basic Metals
2018-02-01,2018,February,143.0,10.8,Basic Metals
2018-03-01,2018,March,151.3,9.9,Basic Metals
2018-04-01,2018,April,134.0,2.2,Basic Metals
2018-05-01,2018,May,138.3,2.1,Basic Metals
2018-06-01,2018,June,139.0,2.9,Basic Metals
2018-07-01,2018,July,136.9,3.9,Basic Metals
2018-08-01,2018,August,140.4,3.1,Basic Metals
2018-09-01,2018,September,138.7,4.2,Basic Metals
2018-10-01,2018,October,143.2,3.3,Basic Metals
2018-11-01,2018,November,139.5,2.1,Basic Metals
2018-12-01,2018,December,146.4,4.3,Basic Metals
2019-01-01,2019,January,146.0,1.6,Basic Metals
2019-02-01,2019,February,140.1,-2.0,Basic Metals
2019-03-01,2019,March,177.2,17.1,Basic Metals
2019-04-01,2019,April,137.5,2.6,Basic Metals
2019-05-01,2019,May,167.0,20.8,Basic Metals
2019-06-01,2019,June,164.1,18.1,Basic Metals
2019-07-01,2019,July,164.7,20.3,Basic Metals
2019-08-01,2019,August,156.9,11.8,Basic Metals
2019-09-01,2019,September,150.4,8.4,Basic Metals
2019-10-01,2019,October,156.3,9.1,Basic Metals
2019-11-01,2019,November,160.5,15.1,Basic Metals
2019-12-01,2019,December,170.9,16.7,Basic Metals
2020-01-01,2020,January,168.7,15.5,Basic Metals
2020-02-01,2020,February,169.5,21.0,Basic Metals
2020-03-01,2020,March,143.0,-19.3,Basic Metals
2020-04-01,2020,April,40.3,-70.7,Basic Metals
2020-05-01,2020,May,103.2,-38.2,Basic Metals
2020-06-01,2020,June,131.5,-19.9,Basic Metals
2020-07-01,2020,July,153.1,-7.0,Basic Metals
2020-08-01,2020,August,162.9,3.8,Basic Metals
2020-09-01,2020,September,160.5,6.7,Basic Metals
2020-10-01,2020,October,170.6,9.1,Basic Metals
2020-11-01,2020,November,165.4,3.1,Basic Metals
2020-12-01,2020,December,181.7,6.3,Basic Metals
2021-01-01,2021,January,179.8,6.6,Basic Metals
2021-02-01,2021,February,163.6,-3.5,Basic Metals
2021-03-01,2021,March,184.7,29.2,Basic Metals
2021-04-01,2021,April,168.5,,Basic Metals
2021-05-01,2021,May,159.8,54.8,Basic Metals
2021-06-01,2021,June,163.5,24.3,Basic Metals
2021-07-01,2021,July,171.1,11.8,Basic Metals
2021-08-01,2021,August,178.8,9.8,Basic Metals
2021-09-01,2021,September,174.7,8.8,Basic Metals
2021-10-01,2021,October,182.6,7.0,Basic Metals
2021-11-01,2021,November,175.7,6.2,Basic Metals
2021-12-01,2021,December,185.4,2.0,Basic Metals
2022-01-01,2022,January,191.6,6.6,Basic Metals
2022-02-01,2022,February,180.0,10.0,Basic Metals
2022-03-01,2022,March,199.2,7.9,Basic Metals
2022-04-01,2022,April,180.1,6.9,Basic Metals
2022-05-01,2022,May,186.2,16.5,Basic Metals
2022-06-01,2022,June,175.2,7.2,Basic Metals
2022-07-01,2022,July,182.6,6.7,Basic Metals
2022-08-01,2022,August,185.9,4.0,Basic Metals
2022-09-01,2022,September,185.7,6.3,Basic Metals
2022-10-01,2022,October,192.2,5.3,Basic Metals
2022-11-01,2022,November,192.7,9.7,Basic Metals
2022-12-01,2022,December,201.9,8.9,Basic Metals
2023-01-01,2023,January,210.8,10.0,Basic Metals
2023-02-01,2023,February,195.4,8.6,Basic Metals
2023-03-01,2023,March,214.0,7.4,Basic Metals
2023-04-01,2023,April,201.9,12.1,Basic Metals
2023-05-01,2023,May,206.3,10.8,Basic Metals
2023-06-01,2023,June,203.4,16.1,Basic Metals
2023-07-01,2023,July,209.4,14.7,Basic Metals
2023-08-01,2023,August,217.4,16.9,Basic Metals
2023-09-01,2023,September,213.6,15.0,Basic Metals
2023-10-01,2023,October,217.2,13.0,Basic Metals
2023-11-01,2023,November,207.3,7.6,Basic Metals
2023-12-01,2023,December,220.2,9.1,Basic Metals
2024-01-01,2024,January,226.9,7.6,Basic Metals
2024-02-01,2024,February,213.2,9.1,Basic Metals
2024-03-01,2024,March,232.1,8.5,Basic Metals
2024-04-01,2024,April,220.7,9.3,Basic Metals
2024-05-01,2024,May,225.9,9.5,Basic Metals
2024-06-01,2024,June,219.2,7.8,Basic Metals
2024-07-01,2024,July,223.7,6.8,Basic Metals
2024-08-01,2024,August,225.6,3.8,Basic Metals
2024-09-01,2024,September,219.7,2.9,Basic Metals
2024-10-01,2024,October,228.2,5.1,Basic Metals
2024-11-01,2024,November,222.0,7.1,Basic Metals
2024-12-01,2024,December,236.8,7.5,Basic Metals
2025-01-01,2025,January,242.2,6.7,Basic Metals
2025-02-01,2025,February,224.3,5.2,Basic Metals
2025-03-01,2025,March,252.2,8.7,Basic Metals
2012-04-01,2012,April,100.4,0.4,Chemicals and Chemical Products
2012-05-01,2012,May,102.9,2.9,Chemicals and Chemical Products
2012-06-01,2012,June,102.6,2.6,Chemicals and Chemical Products
2012-07-01,2012,July,104.9,4.9,Chemicals and Chemical Products
2012-08-01,2012,August,106.5,6.5,Chemicals and Chemical Products
2012-09-01,2012,September,102.6,2.6,Chemicals and Chemical Products
2012-10-01,2012,October,106.2,6.2,Chemicals and Chemical Products
2012-11-01,2012,November,98.7,-1.3,Chemicals and Chemical Products
2012-12-01,2012,December,105.5,5.5,Chemicals and Chemical Products
2013-01-01,2013,January,106.2,6.2,Chemicals and Chemical Products
2013-02-01,2013,February,101.0,1.0,Chemicals and Chemical Products
2013-03-01,2013,March,109.7,9.7,Chemicals and Chemical Products
2013-04-01,2013,April,99.1,-1.3,Chemicals and Chemical Products
2013-05-01,2013,May,107.7,4.7,Chemicals and Chemical Products
2013-06-01,2013,June,107.9,5.2,Chemicals and Chemical Products
2013-07-01,2013,July,114.3,9.0,Chemicals and Chemical Products
2013-08-01,2013,August,112.4,5.5,Chemicals and Chemical Products
2013-09-01,2013,September,115.2,12.3,Chemicals and Chemical Products
2013-10-01,2013,October,109.8,3.4,Chemicals and Chemical Products
2013-11-01,2013,November,105.0,6.4,Chemicals and Chemical Products
2013-12-01,2013,December,112.6,6.7,Chemicals and Chemical Products
2014-01-01,2014,January,109.7,3.3,Chemicals and Chemical Products
2014-02-01,2014,February,100.1,-0.9,Chemicals and Chemical Products
2014-03-01,2014,March,111.7,1.8,Chemicals and Chemical Products
2014-04-01,2014,April,101.3,2.2,Chemicals and Chemical Products
2014-05-01,2014,May,110.9,3.0,Chemicals and Chemical Products
2014-06-01,2014,June,110.9,2.8,Chemicals and Chemical Products
2014-07-01,2014,July,114.8,0.4,Chemicals and Chemical Products
2014-08-01,2014,August,111.4,-0.9,Chemicals and Chemical Products
2014-09-01,2014,September,110.4,-4.2,Chemicals and Chemical Products
2014-10-01,2014,October,104.6,-4.7,Chemicals and Chemical Products
2014-11-01,2014,November,109.2,4.0,Chemicals and Chemical Products
2014-12-01,2014,December,111.7,-0.8,Chemicals and Chemical Products
2015-01-01,2015,January,110.8,1.0,Chemicals and Chemical Products
2015-02-01,2015,February,102.0,1.9,Chemicals and Chemical Products
2015-03-01,2015,March,112.0,0.3,Chemicals and Chemical Products
2015-04-01,2015,April,107.6,6.2,Chemicals and Chemical Products
2015-05-01,2015,May,112.1,1.1,Chemicals and Chemical Products
2015-06-01,2015,June,112.6,1.5,Chemicals and Chemical Products
2015-07-01,2015,July,120.6,5.1,Chemicals and Chemical Products
2015-08-01,2015,August,112.2,0.7,Chemicals and Chemical Products
2015-09-01,2015,September,116.7,5.7,Chemicals and Chemical Products
2015-10-01,2015,October,115.6,10.5,Chemicals and Chemical Products
2015-11-01,2015,November,106.1,-2.8,Chemicals and Chemical Products
2015-12-01,2015,December,115.2,3.1,Chemicals and Chemical Products
2016-01-01,2016,January,114.4,3.2,Chemicals and Chemical Products
2016-02-01,2016,February,110.8,8.6,Chemicals and Chemical Products
2016-03-01,2016,March,120.4,7.5,Chemicals and Chemical Products
2016-04-01,2016,April,109.6,1.9,Chemicals and Chemical Products
2016-05-01,2016,May,119.8,6.9,Chemicals and Chemical Products
2016-06-01,2016,June,117.4,4.3,Chemicals and Chemical Products
2016-07-01,2016,July,119.1,-1.2,Chemicals and Chemical Products
2016-08-01,2016,August,119.5,6.5,Chemicals and Chemical Products
2016-09-01,2016,September,116.9,0.2,Chemicals and Chemical Products
2016-10-01,2016,October,117.1,1.3,Chemicals and Chemical Products
2016-11-01,2016,November,111.1,4.7,Chemicals and Chemical Products
2016-12-01,2016,December,112.8,-2.1,Chemicals and Chemical Products
2017-01-01,2017,January,116.2,1.6,Chemicals and Chemical Products
2017-02-01,2017,February,114.2,3.1,Chemicals and Chemical Products
2017-03-01,2017,March,124.7,3.6,Chemicals and Chemical Products
2017-04-01,2017,April,108.6,-0.9,Chemicals and Chemical Products
2017-05-01,2017,May,113.6,-5.2,Chemicals and Chemical Products
2017-06-01,2017,June,110.2,-6.1,Chemicals and Chemical Products
2017-07-01,2017,July,111.7,-6.2,Chemicals and Chemical Products
2017-08-01,2017,August,117.1,-2.0,Chemicals and Chemical Products
2017-09-01,2017,September,118.5,1.4,Chemicals and Chemical Products
2017-10-01,2017,October,116.9,-0.2,Chemicals and Chemical Products
2017-11-01,2017,November,119.1,7.2,Chemicals and Chemical Products
2017-12-01,2017,December,119.0,5.5,Chemicals and Chemical Products
2018-01-01,2018,January,120.1,3.4,Chemicals and Chemical Products
2018-02-01,2018,February,110.9,-2.9,Chemicals and Chemical Products
2018-03-01,2018,March,126.9,1.8,Chemicals and Chemical Products
2018-04-01,2018,April,112.9,4.0,Chemicals and Chemical Products
2018-05-01,2018,May,119.9,5.5,Chemicals and Chemical Products
2018-06-01,2018,June,116.5,5.7,Chemicals and Chemical Products
2018-07-01,2018,July,116.4,4.2,Chemicals and Chemical Products
2018-08-01,2018,August,126.0,7.6,Chemicals and Chemical Products
2018-09-01,2018,September,120.3,1.5,Chemicals and Chemical Products
2018-10-01,2018,October,118.0,0.9,Chemicals and Chemical Products
2018-11-01,2018,November,110.9,-6.9,Chemicals and Chemical Products
2018-12-01,2018,December,122.4,2.9,Chemicals and Chemical Products
2019-01-01,2019,January,123.7,3.0,Chemicals and Chemical Products
2019-02-01,2019,February,111.6,0.6,Chemicals and Chemical Products
2019-03-01,2019,March,128.9,1.6,Chemicals and Chemical Products
2019-04-01,2019,April,116.1,2.8,Chemicals and Chemical Products
2019-05-01,2019,May,118.9,-0.8,Chemicals and Chemical Products
2019-06-01,2019,June,116.0,-0.4,Chemicals and Chemical Products
2019-07-01,2019,July,124.6,7.0,Chemicals and Chemical Products
2019-08-01,2019,August,120.3,-4.5,Chemicals and Chemical Products
2019-09-01,2019,September,118.8,-1.2,Chemicals and Chemical Products
2019-10-01,2019,October,116.2,-1.5,Chemicals and Chemical Products
2019-11-01,2019,November,120.2,8.4,Chemicals and Chemical Products
2019-12-01,2019,December,123.0,0.5,Chemicals and Chemical Products
2020-01-01,2020,January,124.9,1.0,Chemicals and Chemical Products
2020-02-01,2020,February,121.7,9.1,Chemicals and Chemical Products
2020-03-01,2020,March,101.1,-21.6,Chemicals and Chemical Products
2020-04-01,2020,April,53.0,-54.3,Chemicals and Chemical Products
2020-05-01,2020,May,95.9,-19.3,Chemicals and Chemical Products
2020-06-01,2020,June,117.3,1.1,Chemicals and Chemical Products
2020-07-01,2020,July,122.2,-1.9,Chemicals and Chemical Products
2020-08-01,2020,August,118.9,-1.2,Chemicals and Chemical Products
2020-09-01,2020,September,125.5,5.6,Chemicals and Chemical Products
2020-10-01,2020,October,128.0,10.2,Chemicals and Chemical Products
2020-11-01,2020,November,120.4,0.2,Chemicals and Chemical Products
2020-12-01,2020,December,131.8,7.2,Chemicals and Chemical Products
2021-01-01,2021,January,131.6,5.4,Chemicals and Chemical Products
2021-02-01,2021,February,119.0,-2.2,Chemicals and Chemical Products
2021-03-01,2021,March,127.9,26.5,Chemicals and Chemical Products
2021-04-01,2021,April,118.1,,Chemicals and Chemical Products
2021-05-01,2021,May,109.1,13.8,Chemicals and Chemical Products
2021-06-01,2021,June,116.3,-0.9,Chemicals and Chemical Products
2021-07-01,2021,July,128.0,4.7,Chemicals and Chemical Products
2021-08-01,2021,August,124.8,5.0,Chemicals and Chemical Products
2021-09-01,2021,September,124.3,-1.0,Chemicals and Chemical Products
2021-10-01,2021,October,125.9,-1.6,Chemicals and Chemical Products
2021-11-01,2021,November,118.1,-1.9,Chemicals and Chemical Products
2021-12-01,2021,December,125.9,-4.5,Chemicals and Chemical Products
2022-01-01,2022,January,124.9,-5.1,Chemicals and Chemical Products
2022-02-01,2022,February,115.3,-3.1,Chemicals and Chemical Products
2022-03-01,2022,March,121.1,-5.3,Chemicals and Chemical Products
2022-04-01,2022,April,123.3,4.4,Chemicals and Chemical Products
2022-05-01,2022,May,135.6,24.3,Chemicals and Chemical Products
2022-06-01,2022,June,133.5,14.8,Chemicals and Chemical Products
2022-07-01,2022,July,137.2,7.2,Chemicals and Chemical Products
2022-08-01,2022,August,131.9,5.7,Chemicals and Chemical Products
2022-09-01,2022,September,131.2,5.6,Chemicals and Chemical Products
2022-10-01,2022,October,122.1,-3.0,Chemicals and Chemical Products
2022-11-01,2022,November,124.6,5.5,Chemicals and Chemical Products
2022-12-01,2022,December,129.5,2.9,Chemicals and Chemical Products
2023-01-01,2023,January,130.2,4.2,Chemicals and Chemical Products
2023-02-01,2023,February,122.8,6.5,Chemicals and Chemical Products
2023-03-01,2023,March,130.1,7.4,Chemicals and Chemical Products
2023-04-01,2023,April,126.6,2.7,Chemicals and Chemical Products
2023-05-01,2023,May,133.8,-1.3,Chemicals and Chemical Products
2023-06-01,2023,June,130.5,-2.2,Chemicals and Chemical Products
2023-07-01,2023,July,128.6,-6.3,Chemicals and Chemical Products
2023-08-01,2023,August,126.8,-3.9,Chemicals and Chemical Products
2023-09-01,2023,September,123.6,-5.8,Chemicals and Chemical Products
2023-10-01,2023,October,126.5,3.6,Chemicals and Chemical Products
2023-11-01,2023,November,119.5,-4.1,Chemicals and Chemical Products
2023-12-01,2023,December,127.5,-1.5,Chemicals and Chemical Products
2024-01-01,2024,January,127.6,-2.0,Chemicals and Chemical Products
2024-02-01,2024,February,125.4,2.1,Chemicals and Chemical Products
2024-03-01,2024,March,132.3,1.7,Chemicals and Chemical Products
2024-04-01,2024,April,127.0,0.3,Chemicals and Chemical Products
2024-05-01,2024,May,133.2,-0.4,Chemicals and Chemical Products
2024-06-01,2024,June,131.7,0.9,Chemicals and Chemical Products
2024-07-01,2024,July,135.2,5.1,Chemicals and Chemical Products
2024-08-01,2024,August,129.5,2.1,Chemicals and Chemical Products
2024-09-01,2024,September,129.4,4.7,Chemicals and Chemical Products
2024-10-01,2024,October,129.4,2.3,Chemicals and Chemical Products
2024-11-01,2024,November,123.2,3.1,Chemicals and Chemical Products
2024-12-01,2024,December,131.0,2.7,Chemicals and Chemical Products
2025-01-01,2025,January,130.7,2.4,Chemicals and Chemical Products
2025-02-01,2025,February,121.9,-2.8,Chemicals and Chemical Products
2025-03-01,2025,March,129.8,-1.9,Chemicals and Chemical Products
2012-04-01,2012,April,110.4,10.4,Motor Vehicles
2012-05-01,2012,May,106.4,6.4,Motor Vehicles
2012-06-01,2012,June,96.4,-3.6,Motor Vehicles
2012-07-01,2012,July,96.9,-3.1,Motor Vehicles
2012-08-01,2012,August,94.5,-5.5,Motor Vehicles
2012-09-01,2012,September,100.6,0.6,Motor Vehicles
2012-10-01,2012,October,102.9,2.9,Motor Vehicles
2012-11-01,2012,November,89.4,-10.6,Motor Vehicles
2012-12-01,2012,December,95.5,-4.5,Motor Vehicles
2013-01-01,2013,January,101.7,1.7,Motor Vehicles
2013-02-01,2013,February,98.6,-1.4,Motor Vehicles
2013-03-01,2013,March,108.1,8.1,Motor Vehicles
2013-04-01,2013,April,102.0,-7.6,Motor Vehicles
2013-05-01,2013,May,104.2,-2.1,Motor Vehicles
2013-06-01,2013,June,98.0,1.7,Motor Vehicles
2013-07-01,2013,July,99.2,2.4,Motor Vehicles
2013-08-01,2013,August,96.7,2.3,Motor Vehicles
2013-09-01,2013,September,97.9,-2.7,Motor Vehicles
2013-10-01,2013,October,98.4,-4.4,Motor Vehicles
2013-11-01,2013,November,93.9,5.0,Motor Vehicles
2013-12-01,2013,December,93.1,-2.5,Motor Vehicles
2014-01-01,2014,January,100.0,-1.7,Motor Vehicles
2014-02-01,2014,February,99.3,0.7,Motor Vehicles
2014-03-01,2014,March,106.0,-1.9,Motor Vehicles
2014-04-01,2014,April,98.4,-3.5,Motor Vehicles
2014-05-01,2014,May,99.0,-5.0,Motor Vehicles
2014-06-01,2014,June,97.3,-0.7,Motor Vehicles
2014-07-01,2014,July,103.7,4.5,Motor Vehicles
2014-08-01,2014,August,103.0,6.5,Motor Vehicles
2014-09-01,2014,September,106.5,8.8,Motor Vehicles
2014-10-01,2014,October,95.0,-3.5,Motor Vehicles
2014-11-01,2014,November,105.0,11.8,Motor Vehicles
2014-12-01,2014,December,97.1,4.3,Motor Vehicles
2015-01-01,2015,January,102.6,2.6,Motor Vehicles
2015-02-01,2015,February,105.6,6.3,Motor Vehicles
2015-03-01,2015,March,117.8,11.1,Motor Vehicles
2015-04-01,2015,April,98.9,0.5,Motor Vehicles
2015-05-01,2015,May,100.8,1.8,Motor Vehicles
2015-06-01,2015,June,101.4,4.2,Motor Vehicles
2015-07-01,2015,July,109.6,5.7,Motor Vehicles
2015-08-01,2015,August,101.0,-1.9,Motor Vehicles
2015-09-01,2015,September,103.2,-3.1,Motor Vehicles
2015-10-01,2015,October,100.6,5.9,Motor Vehicles
2015-11-01,2015,November,91.8,-12.6,Motor Vehicles
2015-12-01,2015,December,98.3,1.2,Motor Vehicles
2016-01-01,2016,January,98.5,-4.0,Motor Vehicles
2016-02-01,2016,February,101.9,-3.5,Motor Vehicles
2016-03-01,2016,March,106.8,-9.3,Motor Vehicles
2016-04-01,2016,April,99.8,0.9,Motor Vehicles
2016-05-01,2016,May,104.1,3.3,Motor Vehicles
2016-06-01,2016,June,101.5,0.1,Motor Vehicles
2016-07-01,2016,July,102.0,-6.9,Motor Vehicles
2016-08-01,2016,August,101.3,0.3,Motor Vehicles
2016-09-01,2016,September,101.3,-1.8,Motor Vehicles
2016-10-01,2016,October,100.9,0.3,Motor Vehicles
2016-11-01,2016,November,102.0,11.1,Motor Vehicles
2016-12-01,2016,December,90.9,-7.5,Motor Vehicles
2017-01-01,2017,January,100.4,1.9,Motor Vehicles
2017-02-01,2017,February,103.0,1.1,Motor Vehicles
2017-03-01,2017,March,113.7,6.5,Motor Vehicles
2017-04-01,2017,April,99.7,-0.1,Motor Vehicles
2017-05-01,2017,May,102.8,-1.2,Motor Vehicles
2017-06-01,2017,June,102.1,0.6,Motor Vehicles
2017-07-01,2017,July,109.4,7.3,Motor Vehicles
2017-08-01,2017,August,114.9,13.4,Motor Vehicles
2017-09-01,2017,September,116.3,14.8,Motor Vehicles
2017-10-01,2017,October,113.9,12.9,Motor Vehicles
2017-11-01,2017,November,120.4,18.0,Motor Vehicles
2017-12-01,2017,December,112.7,24.0,Motor Vehicles
2018-01-01,2018,January,123.8,23.3,Motor Vehicles
2018-02-01,2018,February,123.6,20.0,Motor Vehicles
2018-03-01,2018,March,134.4,18.2,Motor Vehicles
2018-04-01,2018,April,122.6,23.0,Motor Vehicles
2018-05-01,2018,May,126.5,23.1,Motor Vehicles
2018-06-01,2018,June,123.7,21.2,Motor Vehicles
2018-07-01,2018,July,125.5,14.7,Motor Vehicles
2018-08-01,2018,August,128.0,11.4,Motor Vehicles
2018-09-01,2018,September,128.3,10.3,Motor Vehicles
2018-10-01,2018,October,132.1,16.0,Motor Vehicles
2018-11-01,2018,November,112.7,-6.4,Motor Vehicles
2018-12-01,2018,December,109.3,-3.0,Motor Vehicles
2019-01-01,2019,January,120.7,-2.5,Motor Vehicles
2019-02-01,2019,February,117.1,-5.3,Motor Vehicles
2019-03-01,2019,March,125.6,-6.5,Motor Vehicles
2019-04-01,2019,April,116.5,-5.0,Motor Vehicles
2019-05-01,2019,May,118.4,-6.4,Motor Vehicles
2019-06-01,2019,June,105.5,-14.7,Motor Vehicles
2019-07-01,2019,July,109.5,-12.7,Motor Vehicles
2019-08-01,2019,August,96.0,-25.0,Motor Vehicles
2019-09-01,2019,September,95.0,-26.0,Motor Vehicles
2019-10-01,2019,October,92.5,-30.0,Motor Vehicles
2019-11-01,2019,November,99.2,-12.0,Motor Vehicles
2019-12-01,2019,December,96.6,-11.6,Motor Vehicles
2020-01-01,2020,January,108.4,-10.2,Motor Vehicles
2020-02-01,2020,February,100.0,-14.6,Motor Vehicles
2020-03-01,2020,March,64.2,-48.9,Motor Vehicles
2020-04-01,2020,April,0.7,-99.4,Motor Vehicles
2020-05-01,2020,May,20.7,-82.5,Motor Vehicles
2020-06-01,2020,June,53.7,-49.1,Motor Vehicles
2020-07-01,2020,July,73.5,-32.9,Motor Vehicles
2020-08-01,2020,August,85.0,-11.5,Motor Vehicles
2020-09-01,2020,September,99.5,4.7,Motor Vehicles
2020-10-01,2020,October,109.9,18.8,Motor Vehicles
2020-11-01,2020,November,99.2,0.0,Motor Vehicles
2020-12-01,2020,December,103.2,6.8,Motor Vehicles
2021-01-01,2021,January,107.8,-0.6,Motor Vehicles
2021-02-01,2021,February,105.6,5.6,Motor Vehicles
2021-03-01,2021,March,114.9,79.0,Motor Vehicles
2021-04-01,2021,April,102.2,,Motor Vehicles
2021-05-01,2021,May,59.2,186.0,Motor Vehicles
2021-06-01,2021,June,87.8,63.5,Motor Vehicles
2021-07-01,2021,July,101.2,37.7,Motor Vehicles
2021-08-01,2021,August,93.5,10.0,Motor Vehicles
2021-09-01,2021,September,90.7,-8.8,Motor Vehicles
2021-10-01,2021,October,98.2,-10.6,Motor Vehicles
2021-11-01,2021,November,93.3,-5.9,Motor Vehicles
2021-12-01,2021,December,97.7,-5.3,Motor Vehicles
2022-01-01,2022,January,104.8,-2.8,Motor Vehicles
2022-02-01,2022,February,107.8,2.1,Motor Vehicles
2022-03-01,2022,March,115.0,0.1,Motor Vehicles
2022-04-01,2022,April,108.8,6.5,Motor Vehicles
2022-05-01,2022,May,110.9,87.3,Motor Vehicles
2022-06-01,2022,June,115.2,31.2,Motor Vehicles
2022-07-01,2022,July,119.2,17.8,Motor Vehicles
2022-08-01,2022,August,114.7,22.7,Motor Vehicles
2022-09-01,2022,September,117.7,29.8,Motor Vehicles
2022-10-01,2022,October,108.8,10.8,Motor Vehicles
2022-11-01,2022,November,113.9,22.1,Motor Vehicles
2022-12-01,2022,December,107.4,9.9,Motor Vehicles
2023-01-01,2023,January,118.2,12.8,Motor Vehicles
2023-02-01,2023,February,116.8,8.3,Motor Vehicles
2023-03-01,2023,March,122.4,6.4,Motor Vehicles
2023-04-01,2023,April,112.9,3.8,Motor Vehicles
2023-05-01,2023,May,126.1,13.7,Motor Vehicles
2023-06-01,2023,June,123.6,7.3,Motor Vehicles
2023-07-01,2023,July,129.5,8.6,Motor Vehicles
2023-08-01,2023,August,128.6,12.1,Motor Vehicles
2023-09-01,2023,September,130.5,10.9,Motor Vehicles
2023-10-01,2023,October,135.7,24.7,Motor Vehicles
2023-11-01,2023,November,126.7,11.2,Motor Vehicles
2023-12-01,2023,December,118.5,10.3,Motor Vehicles
2024-01-01,2024,January,140.5,18.9,Motor Vehicles
2024-02-01,2024,February,130.4,11.6,Motor Vehicles
2024-03-01,2024,March,130.5,6.6,Motor Vehicles
2024-04-01,2024,April,126.5,12.0,Motor Vehicles
2024-05-01,2024,May,134.4,6.6,Motor Vehicles
2024-06-01,2024,June,128.9,4.3,Motor Vehicles
2024-07-01,2024,July,133.5,3.1,Motor Vehicles
2024-08-01,2024,August,129.2,0.5,Motor Vehicles
2024-09-01,2024,September,132.6,1.6,Motor Vehicles
2024-10-01,2024,October,133.4,-1.7,Motor Vehicles
2024-11-01,2024,November,134.4,6.1,Motor Vehicles
2024-12-01,2024,December,116.0,-2.1,Motor Vehicles
2025-01-01,2025,January,148.3,5.6,Motor Vehicles
2025-02-01,2025,February,142.0,8.9,Motor Vehicles
2025-03-01,2025,March,145.3,11.3,Motor Vehicles
2012-04-01,2012,April,98.0,-2.0,Textiles
2012-05-01,2012,May,106.5,6.5,Textiles
2012-06-01,2012,June,103.4,3.4,Textiles
2012-07-01,2012,July,108.7,8.7,Textiles
2012-08-01,2012,August,113.1,13.1,Textiles
2012-09-01,2012,September,110.8,10.8,Textiles
2012-10-01,2012,October,113.6,13.6,Textiles
2012-11-01,2012,November,104.3,4.3,Textiles
2012-12-01,2012,December,111.0,11.0,Textiles
2013-01-01,2013,January,111.4,11.4,Textiles
2013-02-01,2013,February,103.9,3.9,Textiles
2013-03-01,2013,March,111.2,11.2,Textiles
2013-04-01,2013,April,107.9,10.1,Textiles
2013-05-01,2013,May,107.3,0.8,Textiles
2013-06-01,2013,June,109.0,5.4,Textiles
2013-07-01,2013,July,113.3,4.2,Textiles
2013-08-01,2013,August,117.3,3.7,Textiles
2013-09-01,2013,September,115.0,3.8,Textiles
2013-10-01,2013,October,116.2,2.3,Textiles
2013-11-01,2013,November,110.2,5.7,Textiles
2013-12-01,2013,December,117.1,5.5,Textiles
2014-01-01,2014,January,114.9,3.1,Textiles
2014-02-01,2014,February,107.1,3.1,Textiles
2014-03-01,2014,March,115.6,4.0,Textiles
2014-04-01,2014,April,111.0,2.9,Textiles
2014-05-01,2014,May,112.4,4.8,Textiles
2014-06-01,2014,June,111.9,2.7,Textiles
2014-07-01,2014,July,120.9,6.7,Textiles
2014-08-01,2014,August,126.3,7.7,Textiles
2014-09-01,2014,September,117.0,1.7,Textiles
2014-10-01,2014,October,112.7,-3.0,Textiles
2014-11-01,2014,November,114.4,3.8,Textiles
2014-12-01,2014,December,117.8,0.6,Textiles
2015-01-01,2015,January,117.7,2.4,Textiles
2015-02-01,2015,February,113.3,5.8,Textiles
2015-03-01,2015,March,126.8,9.7,Textiles
2015-04-01,2015,April,116.6,5.0,Textiles
2015-05-01,2015,May,118.4,5.3,Textiles
2015-06-01,2015,June,116.9,4.5,Textiles
2015-07-01,2015,July,120.5,-0.3,Textiles
2015-08-01,2015,August,122.9,-2.7,Textiles
2015-09-01,2015,September,123.7,5.7,Textiles
2015-10-01,2015,October,123.0,9.1,Textiles
2015-11-01,2015,November,111.0,-3.0,Textiles
2015-12-01,2015,December,120.8,2.5,Textiles
2016-01-01,2016,January,121.1,2.9,Textiles
2016-02-01,2016,February,116.7,3.0,Textiles
2016-03-01,2016,March,120.9,-4.7,Textiles
2016-04-01,2016,April,114.3,-2.0,Textiles
2016-05-01,2016,May,120.6,1.9,Textiles
2016-06-01,2016,June,120.0,2.7,Textiles
2016-07-01,2016,July,119.4,-0.9,Textiles
2016-08-01,2016,August,119.5,-2.8,Textiles
2016-09-01,2016,September,119.3,-3.6,Textiles
2016-10-01,2016,October,116.3,-5.4,Textiles
2016-11-01,2016,November,114.0,2.7,Textiles
2016-12-01,2016,December,114.0,-5.6,Textiles
2017-01-01,2017,January,118.1,-2.5,Textiles
2017-02-01,2017,February,112.5,-3.6,Textiles
2017-03-01,2017,March,120.5,-0.3,Textiles
2017-04-01,2017,April,116.0,1.5,Textiles
2017-05-01,2017,May,116.7,-3.2,Textiles
2017-06-01,2017,June,116.4,-3.0,Textiles
2017-07-01,2017,July,116.4,-2.5,Textiles
2017-08-01,2017,August,116.0,-2.9,Textiles
2017-09-01,2017,September,115.2,-3.4,Textiles
2017-10-01,2017,October,113.5,-2.4,Textiles
2017-11-01,2017,November,117.7,3.2,Textiles
2017-12-01,2017,December,122.4,7.4,Textiles
2018-01-01,2018,January,120.4,1.9,Textiles
2018-02-01,2018,February,115.0,2.2,Textiles
2018-03-01,2018,March,119.0,-1.2,Textiles
2018-04-01,2018,April,116.2,0.2,Textiles
2018-05-01,2018,May,118.9,1.9,Textiles
2018-06-01,2018,June,117.1,0.6,Textiles
2018-07-01,2018,July,120.1,3.2,Textiles
2018-08-01,2018,August,124.4,7.2,Textiles
2018-09-01,2018,September,121.6,5.6,Textiles
2018-10-01,2018,October,120.2,5.9,Textiles
2018-11-01,2018,November,113.6,-3.5,Textiles
2018-12-01,2018,December,120.4,-1.6,Textiles
2019-01-01,2019,January,118.2,-1.8,Textiles
2019-02-01,2019,February,113.8,-1.0,Textiles
2019-03-01,2019,March,120.3,1.1,Textiles
2019-04-01,2019,April,119.8,3.1,Textiles
2019-05-01,2019,May,115.6,-2.8,Textiles
2019-06-01,2019,June,110.1,-6.0,Textiles
2019-07-01,2019,July,113.8,-5.2,Textiles
2019-08-01,2019,August,115.0,-7.6,Textiles
2019-09-01,2019,September,115.2,-5.3,Textiles
2019-10-01,2019,October,115.9,-3.6,Textiles
2019-11-01,2019,November,119.7,5.4,Textiles
2019-12-01,2019,December,123.5,2.6,Textiles
2020-01-01,2020,January,122.2,3.4,Textiles
2020-02-01,2020,February,116.7,2.5,Textiles
2020-03-01,2020,March,100.3,-16.6,Textiles
2020-04-01,2020,April,11.0,-90.8,Textiles
2020-05-01,2020,May,40.2,-65.2,Textiles
2020-06-01,2020,June,63.1,-42.7,Textiles
2020-07-01,2020,July,93.9,-17.5,Textiles
2020-08-01,2020,August,96.6,-16.0,Textiles
2020-09-01,2020,September,105.4,-8.5,Textiles
2020-10-01,2020,October,110.7,-4.5,Textiles
2020-11-01,2020,November,108.9,-9.0,Textiles
2020-12-01,2020,December,114.9,-7.0,Textiles
2021-01-01,2021,January,115.3,-5.6,Textiles
2021-02-01,2021,February,113.5,-2.7,Textiles
2021-03-01,2021,March,119.6,19.2,Textiles
2021-04-01,2021,April,114.6,,Textiles
2021-05-01,2021,May,105.3,161.9,Textiles
2021-06-01,2021,June,111.3,76.4,Textiles
2021-07-01,2021,July,117.8,25.5,Textiles
2021-08-01,2021,August,120.2,24.4,Textiles
2021-09-01,2021,September,121.4,15.2,Textiles
2021-10-01,2021,October,125.6,13.5,Textiles
2021-11-01,2021,November,117.9,8.3,Textiles
2021-12-01,2021,December,124.9,8.7,Textiles
2022-01-01,2022,January,122.6,6.3,Textiles
2022-02-01,2022,February,113.0,-0.4,Textiles
2022-03-01,2022,March,118.5,-0.9,Textiles
2022-04-01,2022,April,114.1,-0.4,Textiles
2022-05-01,2022,May,111.5,5.9,Textiles
2022-06-01,2022,June,107.8,-3.1,Textiles
2022-07-01,2022,July,107.2,-9.0,Textiles
2022-08-01,2022,August,105.2,-12.5,Textiles
2022-09-01,2022,September,103.9,-14.4,Textiles
2022-10-01,2022,October,102.3,-18.6,Textiles
2022-11-01,2022,November,107.7,-8.7,Textiles
2022-12-01,2022,December,110.7,-11.4,Textiles
2023-01-01,2023,January,107.9,-12.0,Textiles
2023-02-01,2023,February,102.0,-9.7,Textiles
2023-03-01,2023,March,110.2,-7.0,Textiles
2023-04-01,2023,April,105.6,-7.4,Textiles
2023-05-01,2023,May,107.4,-3.7,Textiles
2023-06-01,2023,June,107.8,0.0,Textiles
2023-07-01,2023,July,108.5,1.2,Textiles
2023-08-01,2023,August,107.1,1.8,Textiles
2023-09-01,2023,September,108.4,4.3,Textiles
2023-10-01,2023,October,110.2,7.7,Textiles
2023-11-01,2023,November,102.7,-4.6,Textiles
2023-12-01,2023,December,112.3,1.4,Textiles
2024-01-01,2024,January,109.7,1.7,Textiles
2024-02-01,2024,February,104.1,2.1,Textiles
2024-03-01,2024,March,106.9,-3.0,Textiles
2024-04-01,2024,April,105.3,-0.3,Textiles
2024-05-01,2024,May,107.0,-0.4,Textiles
2024-06-01,2024,June,106.2,-1.5,Textiles
2024-07-01,2024,July,109.1,0.6,Textiles
2024-08-01,2024,August,109.4,2.1,Textiles
2024-09-01,2024,September,109.3,0.8,Textiles
2024-10-01,2024,October,111.1,0.8,Textiles
2024-11-01,2024,November,106.2,3.4,Textiles
2024-12-01,2024,December,114.2,1.7,Textiles
2025-01-01,2025,January,113.7,3.6,Textiles
2025-02-01,2025,February,106.7,2.5,Textiles
2025-03-01,2025,March,113.0,5.7,Textiles
