date,year,month,index,growth_rate,cpi_general_combined
2013-01-01,2013,January,126.6,26.6,104.6
2013-02-01,2013,February,118.3,18.3,105.3
2013-03-01,2013,March,121.3,21.3,105.5
2013-04-01,2013,April,102.1,4.9,106.1
2013-05-01,2013,May,90.2,-1.6,106.9
2013-06-01,2013,June,90.1,4.6,109.3
2013-07-01,2013,July,94.8,7.6,111.0
2013-08-01,2013,August,88.9,3.5,112.4
2013-09-01,2013,September,90.8,8.0,113.7
2013-10-01,2013,October,100.4,2.2,114.8
2013-11-01,2013,November,97.9,-10.3,116.3
2013-12-01,2013,December,123.3,-7.2,114.5
2014-01-01,2014,January,129.2,2.1,113.6
2014-02-01,2014,February,120.1,1.5,113.6
2014-03-01,2014,March,127.2,4.9,114.2
2014-04-01,2014,April,102.9,0.8,115.1
2014-05-01,2014,May,97.0,7.5,115.8
2014-06-01,2014,June,96.1,6.7,116.7
2014-07-01,2014,July,113.1,19.3,119.2
2014-08-01,2014,August,102.6,15.4,120.3
2014-09-01,2014,September,97.0,6.8,120.1
2014-10-01,2014,October,96.7,-3.7,120.1
2014-11-01,2014,November,110.4,12.8,120.1
2014-12-01,2014,December,136.1,10.4,119.4
2015-01-01,2015,January,130.4,0.9,119.5
2015-02-01,2015,February,125.4,4.4,119.7
2015-03-01,2015,March,122.5,-3.7,120.2
2015-04-01,2015,April,109.0,5.9,120.7
2015-05-01,2015,May,93.4,-3.7,121.6
2015-06-01,2015,June,88.4,-8.0,123.0
2015-07-01,2015,July,88.4,-21.8,123.6
2015-08-01,2015,August,92.8,-9.6,124.8
2015-09-01,2015,September,95.6,-1.4,125.4
2015-10-01,2015,October,97.8,1.1,126.1
2015-11-01,2015,November,102.9,-6.8,126.6
2015-12-01,2015,December,128.3,-5.7,126.1
2016-01-01,2016,January,126.5,-3.0,126.3
2016-02-01,2016,February,120.3,-4.1,126.0
2016-03-01,2016,March,112.7,-8.0,126.0
2016-04-01,2016,April,95.1,-12.8,127.3
2016-05-01,2016,May,90.6,-3.0,128.6
2016-06-01,2016,June,91.6,3.6,130.1
2016-07-01,2016,July,92.6,4.8,131.1
2016-08-01,2016,August,89.1,-4.0,131.1
2016-09-01,2016,September,92.1,-3.7,130.9
2016-10-01,2016,October,96.2,-1.6,131.4
2016-11-01,2016,November,103.2,0.3,131.2
2016-12-01,2016,December,118.2,-7.9,130.4
2017-01-01,2017,January,114.7,-9.3,130.3
2017-02-01,2017,February,101.3,-15.8,130.6
2017-03-01,2017,March,101.5,-9.9,130.9
2017-04-01,2017,April,91.5,-3.8,131.1
2017-05-01,2017,May,90.9,0.3,131.4
2017-06-01,2017,June,89.3,-2.5,132.0
2017-07-01,2017,July,93.9,1.4,134.2
2017-08-01,2017,August,95.6,7.3,135.4
2017-09-01,2017,September,95.0,3.1,135.2
2017-10-01,2017,October,98.7,2.6,136.1
2017-11-01,2017,November,122.4,18.6,137.6
2017-12-01,2017,December,134.7,14.0,137.2
2018-01-01,2018,January,131.4,14.6,136.9
2018-02-01,2018,February,125.9,24.3,136.4
2018-03-01,2018,March,128.3,26.4,136.5
2018-04-01,2018,April,109.0,19.1,137.1
2018-05-01,2018,May,101.9,12.1,137.8
2018-06-01,2018,June,94.3,5.6,138.5
2018-07-01,2018,July,96.2,2.4,139.8
2018-08-01,2018,August,104.8,9.6,140.4
2018-09-01,2018,September,110.5,16.3,140.2
2018-10-01,2018,October,117.8,19.4,140.7
2018-11-01,2018,November,130.3,6.5,140.8
2018-12-01,2018,December,154.4,14.6,140.1
2019-01-01,2019,January,153.3,16.7,139.6
2019-02-01,2019,February,144.0,14.4,139.9
2019-03-01,2019,March,138.8,8.2,140.4
2019-04-01,2019,April,121.3,11.3,141.2
2019-05-01,2019,May,118.4,16.2,142.0
2019-06-01,2019,June,109.3,15.9,142.9
2019-07-01,2019,July,117.5,22.1,144.2
2019-08-01,2019,August,110.6,5.5,145.0
2019-09-01,2019,September,111.9,1.3,145.8
2019-10-01,2019,October,112.0,-4.9,147.2
2019-11-01,2019,November,124.5,-4.5,148.6
2019-12-01,2019,December,151.7,-1.7,150.4
2020-01-01,2020,January,151.8,-1.0,150.2
2020-02-01,2020,February,137.1,-4.8,149.1
2020-03-01,2020,March,118.1,-14.9,148.6
2020-04-01,2020,April,94.3,-22.3,151.4
2020-05-01,2020,May,98.0,-17.2,150.9
2020-06-01,2020,June,102.7,-6.0,151.8
2020-07-01,2020,July,111.0,-5.5,153.9
2020-08-01,2020,August,107.1,-3.2,154.7
2020-09-01,2020,September,110.9,-0.9,156.4
2020-10-01,2020,October,113.9,1.7,158.4
2020-11-01,2020,November,133.9,7.6,158.9
2020-12-01,2020,December,149.1,-1.7,157.3
2021-01-01,2021,January,149.0,-1.8,156.3
2021-02-01,2021,February,136.7,-0.3,156.6
2021-03-01,2021,March,138.3,17.1,156.8
2021-04-01,2021,April,127.8,,157.8
2021-05-01,2021,May,111.4,13.7,160.4
2021-06-01,2021,June,111.3,8.4,161.3
2021-07-01,2021,July,116.2,4.7,162.5
2021-08-01,2021,August,117.3,9.5,162.9
2021-09-01,2021,September,110.3,-0.5,163.2
2021-10-01,2021,October,118.8,4.3,165.5
2021-11-01,2021,November,130.1,-2.8,166.7
2021-12-01,2021,December,151.8,1.8,166.2
2022-01-01,2022,January,145.1,-2.6,165.7
2022-02-01,2022,February,139.9,2.3,166.1
2022-03-01,2022,March,150.5,8.8,167.7
2022-04-01,2022,April,132.7,3.8,170.1
2022-05-01,2022,May,122.7,10.1,171.7
2022-06-01,2022,June,117.0,5.1,172.6
2022-07-01,2022,July,113.2,-2.6,173.4
2022-08-01,2022,August,118.1,0.7,174.3
2022-09-01,2022,September,115.6,4.8,175.3
2022-10-01,2022,October,115.3,-2.9,176.7
2022-11-01,2022,November,147.0,13.0,176.5
2022-12-01,2022,December,155.5,2.4,175.7
2023-01-01,2023,January,158.0,8.9,176.5
2023-02-01,2023,February,146.8,4.9,176.8
2023-03-01,2023,March,147.2,-2.2,177.2
2023-04-01,2023,April,137.8,3.8,178.1
2023-05-01,2023,May,123.2,0.4,179.1
2023-06-01,2023,June,113.6,-2.9,181.0
2023-07-01,2023,July,121.6,7.4,186.3
2023-08-01,2023,August,123.9,4.9,186.2
2023-09-01,2023,September,114.6,-0.9,184.1
2023-10-01,2023,October,123.5,7.1,185.3
2023-11-01,2023,November,141.5,-3.7,186.3
2023-12-01,2023,December,160.8,3.4,185.7
2024-01-01,2024,January,158.9,0.6,185.5
2024-02-01,2024,February,151.9,3.5,185.8
2024-03-01,2024,March,142.4,-3.3,185.8
2024-04-01,2024,April,119.8,-13.1,186.7
2024-05-01,2024,May,116.4,-5.5,187.7
2024-06-01,2024,June,118.3,4.1,190.2
2024-07-01,2024,July,119.9,-1.4,193.0
2024-08-01,2024,August,122.3,-1.3,193.0
2024-09-01,2024,September,120.5,5.1,194.2
2024-10-01,2024,October,130.5,5.7,196.8
2024-11-01,2024,November,136.5,-3.5,196.5
2024-12-01,2024,December,154.2,-4.1,195.4
2025-01-01,2025,January,159.2,0.2,196.0
2025-02-01,2025,February,142.7,-6.1,195.5
2025-03-01,2025,March,131.6,-7.6,192.0
