date,target,month_number,quarter,year_number,month_sin,month_cos,lag_1,lag_2,lag_3,lag_6,lag_12,rolling_mean_3,rolling_std_3,rolling_mean_6,rolling_std_6,rolling_mean_12,rolling_std_12
2013-04-01,102.1,4,2,2013,0.8660254037844387,-0.4999999999999998,121.3,118.3,126.6,98.2,97.3,122.06666666666666,4.2027768598074084,117.73333333333333,12.43409291692267,103.3,17.559768066391275
2013-05-01,90.2,5,2,2013,0.49999999999999994,-0.8660254037844387,102.1,121.3,118.3,109.2,91.7,113.89999999999999,10.328601066940283,118.38333333333333,11.254761955131105,103.7,17.46508204701859
2013-06-01,90.1,6,2,2013,1.2246467991473532e-16,-1.0,90.2,102.1,121.3,132.8,86.1,104.53333333333332,15.692142407374906,115.21666666666668,16.019664998578044,103.575,17.563863987796605
2013-07-01,94.8,7,3,2013,-0.4999999999999997,-0.8660254037844388,90.1,90.2,102.1,126.6,88.1,94.13333333333333,6.899516891300053,108.09999999999998,16.130344075685414,103.90833333333335,17.236982352084162
2013-08-01,88.9,8,3,2013,-0.8660254037844385,-0.5000000000000004,94.8,90.1,90.2,118.3,85.9,91.7,2.6851443164198137,102.80000000000001,13.907120478373642,104.46666666666665,16.780851280461604
2013-09-01,90.8,9,3,2013,-1.0,-1.8369701987210297e-16,88.9,94.8,90.1,121.3,84.1,91.26666666666667,3.1182259913827544,97.89999999999999,12.457447571633587,104.71666666666668,16.49908170080072
2013-10-01,100.4,10,4,2013,-0.8660254037844386,0.5000000000000001,90.8,88.9,94.8,102.1,98.2,91.5,3.011644069275387,92.81666666666666,4.974903684159758,105.27499999999999,15.838108530319584
2013-11-01,97.9,11,4,2013,-0.5000000000000004,0.8660254037844384,100.4,90.8,88.9,90.2,109.2,93.36666666666667,6.164684366075435,92.53333333333335,4.349559364655962,105.45833333333333,15.761313877704335
2013-12-01,123.3,12,4,2013,-2.4492935982947064e-16,1.0,97.9,100.4,90.8,90.1,132.8,96.36666666666667,4.980294502670978,93.81666666666666,4.649050082185214,104.51666666666667,15.854728765968353
2014-01-01,129.2,1,1,2014,0.49999999999999994,0.8660254037844387,123.3,97.9,100.4,94.8,126.6,107.2,13.998928530426916,99.35000000000001,12.488514723536962,103.72499999999998,14.492764652499101
2014-02-01,120.1,2,1,2014,0.8660254037844386,0.5000000000000001,129.2,123.3,97.9,88.9,118.3,116.8,16.631596435700335,105.08333333333333,17.046456132189643,103.94166666666666,14.880093983900002
2014-03-01,127.2,3,1,2014,1.0,6.123233995736766e-17,120.1,129.2,123.3,90.8,121.3,124.19999999999999,4.616275555033522,110.28333333333332,15.838360605399345,104.09166666666665,15.046138636832637
2014-04-01,102.9,4,2,2014,0.8660254037844387,-0.4999999999999998,127.2,120.1,129.2,100.4,102.1,125.5,4.782258880487341,116.35000000000001,13.711418599109257,104.58333333333333,15.739979977654665
2014-05-01,97.0,5,2,2014,0.49999999999999994,-0.8660254037844387,102.9,127.2,120.1,97.9,90.2,116.73333333333333,12.494932306072466,116.76666666666667,13.156544632488652,104.64999999999999,15.730196785453478
2014-06-01,96.1,6,2,2014,1.2246467991473532e-16,-1.0,97.0,102.9,127.2,123.3,90.1,109.03333333333335,16.006977645181294,116.61666666666667,13.417215309693214,105.21666666666665,15.278316978547398
2014-07-01,113.1,7,3,2014,-0.4999999999999997,-0.8660254037844388,96.1,97.0,102.9,129.2,94.8,98.66666666666667,3.69368831025764,112.08333333333333,15.18596940161101,105.71666666666665,14.830241421030898
2014-08-01,102.6,8,3,2014,-0.8660254037844385,-0.5000000000000004,113.1,96.1,97.0,120.1,88.9,102.06666666666666,9.565737469392191,109.39999999999999,12.789996090695226,107.24166666666667,14.543755819365684
2014-09-01,97.0,9,3,2014,-1.0,-1.8369701987210297e-16,102.6,113.1,96.1,127.2,90.8,103.93333333333332,8.578072821638532,106.48333333333333,11.82056118239171,108.38333333333333,13.471237598091804
2014-10-01,96.7,10,4,2014,-0.8660254037844386,0.5000000000000001,97.0,102.6,113.1,102.9,100.4,104.23333333333333,8.173330614463945,101.45,6.440108694734809,108.89999999999999,12.839640323481161
2014-11-01,110.4,11,4,2014,-0.5000000000000004,0.8660254037844384,96.7,97.0,102.6,97.0,97.9,98.76666666666665,3.323151115031317,100.41666666666667,6.654747678662618,108.59166666666665,13.104021473878873
2014-12-01,136.1,12,4,2014,-2.4492935982947064e-16,1.0,110.4,96.7,97.0,96.1,123.3,101.36666666666667,7.8245340649353565,102.64999999999999,7.476563381661316,109.63333333333333,12.666371607408708
2015-01-01,130.4,1,1,2015,0.49999999999999994,0.8660254037844387,136.1,110.4,96.7,113.1,129.2,114.40000000000002,20.00224987345172,109.31666666666666,14.756885398574646,110.7,14.349089296410531
2015-02-01,125.4,2,1,2015,0.8660254037844386,0.5000000000000001,130.4,136.1,110.4,102.6,120.1,125.63333333333333,13.496789741762008,112.2,17.141411843835936,110.8,14.493195895754909
2015-03-01,122.5,3,1,2015,1.0,6.123233995736766e-17,125.4,130.4,136.1,97.0,127.2,130.63333333333335,5.3538148392834755,116.0,17.114788926539497,111.24166666666667,14.878016628162452
2015-04-01,109.0,4,2,2015,0.8660254037844387,-0.4999999999999998,122.5,125.4,130.4,96.7,102.9,126.10000000000001,3.9962482405374864,120.25,14.404547892939886,110.85000000000001,14.476155943795666
2015-05-01,93.4,5,2,2015,0.49999999999999994,-0.8660254037844387,109.0,122.5,125.4,110.4,97.0,118.96666666666665,8.75233302230512,122.3,10.80925529349728,111.35833333333333,14.277347495776349
2015-06-01,88.4,6,2,2015,1.2246467991473532e-16,-1.0,93.4,109.0,122.5,136.1,96.1,108.3,14.562623390035185,119.46666666666665,15.68204918582599,111.05833333333334,14.6397005889237
2015-07-01,88.4,7,3,2015,-0.4999999999999997,-0.8660254037844388,88.4,93.4,109.0,130.4,113.1,96.93333333333334,10.744921280927754,111.51666666666667,17.543593322539873,110.41666666666667,15.498494550546932
2015-08-01,92.8,8,3,2015,-0.8660254037844385,-0.5000000000000004,88.4,88.4,93.4,125.4,102.6,90.06666666666668,2.886751345948381,104.51666666666667,16.868244326742055,108.35833333333333,16.70310032916226
2015-09-01,95.6,9,3,2015,-1.0,-1.8369701987210297e-16,92.8,88.4,88.4,122.5,97.0,89.86666666666667,2.540341184434639,99.08333333333333,13.76029311703299,107.54166666666667,17.241148365746895
2015-10-01,97.8,10,4,2015,-0.8660254037844386,0.5000000000000001,95.6,92.8,88.4,109.0,96.7,92.26666666666667,3.6295086903511526,94.60000000000001,7.614722581946033,107.42500000000001,17.323506101143714
2015-11-01,102.9,11,4,2015,-0.5000000000000004,0.8660254037844384,97.8,95.6,92.8,93.4,110.4,95.39999999999999,2.5059928172285217,92.73333333333335,3.791921236875255,107.51666666666667,17.26440549134828
2015-12-01,128.3,12,4,2015,-2.4492935982947064e-16,1.0,102.9,97.8,95.6,88.4,136.1,98.76666666666665,3.744774136491277,94.31666666666666,5.652757439220747,106.89166666666667,17.28627718127529
2016-01-01,126.5,1,1,2016,0.49999999999999994,0.8660254037844387,128.3,102.9,97.8,88.4,130.4,109.66666666666667,16.337176418626726,100.96666666666668,14.242846157515892,106.24166666666667,16.20069910575317
2016-02-01,120.3,2,1,2016,0.8660254037844386,0.5000000000000001,126.5,128.3,102.9,92.8,125.4,119.23333333333335,14.17368453625705,107.31666666666668,15.914699703942418,105.91666666666667,15.70349314546598
2016-03-01,112.7,3,1,2016,1.0,6.123233995736766e-17,120.3,126.5,128.3,95.6,122.5,125.03333333333335,4.196824196143065,111.89999999999999,14.820121456992108,105.49166666666667,15.188839104201922
2016-04-01,95.1,4,2,2016,0.8660254037844387,-0.4999999999999998,112.7,120.3,126.5,97.8,109.0,119.83333333333333,6.911825615084062,114.75,12.525134729814196,104.67500000000001,14.4360108440978
2016-05-01,90.6,5,2,2016,0.49999999999999994,-0.8660254037844387,95.1,112.7,120.3,102.9,93.4,109.36666666666667,12.926458653990773,114.3,13.281566172707109,103.51666666666667,14.613992879387487
2016-06-01,91.6,6,2,2016,1.2246467991473532e-16,-1.0,90.6,95.1,112.7,128.3,88.4,99.46666666666665,11.679183761433574,112.25,16.053130535817555,103.28333333333332,14.811226290973497
2016-07-01,92.6,7,3,2016,-0.4999999999999997,-0.8660254037844388,91.6,90.6,95.1,126.5,88.4,92.43333333333332,2.3629078131264363,106.13333333333333,15.702568791973656,103.55000000000001,14.54532102211443
2016-08-01,89.1,8,3,2016,-0.8660254037844385,-0.5000000000000004,92.6,91.6,90.6,120.3,92.8,91.59999999999998,1.000000000000342,100.48333333333333,12.725315975120827,103.89999999999999,14.193916750751818
2016-09-01,92.1,9,3,2016,-1.0,-1.8369701987210297e-16,89.1,92.6,91.6,112.7,95.6,91.09999999999998,1.8027756377321913,95.28333333333335,8.767078570804857,103.59166666666665,14.493977328113878
2016-10-01,96.2,10,4,2016,-0.8660254037844386,0.5000000000000001,92.1,89.1,92.6,95.1,97.8,91.26666666666665,1.8929694486002755,91.84999999999998,2.018662923818449,103.3,14.703122735725856
2016-11-01,103.2,11,4,2016,-0.5000000000000004,0.8660254037844384,96.2,92.1,89.1,90.6,102.9,92.46666666666665,3.564173583502071,92.03333333333332,2.3888630489556983,103.16666666666667,14.764658868905569
2016-12-01,118.2,12,4,2016,-2.4492935982947064e-16,1.0,103.2,96.2,92.1,91.6,128.3,97.16666666666667,5.612783029240815,94.13333333333333,4.994263375780833,103.19166666666668,14.764420275127854
2017-01-01,114.7,1,1,2017,0.49999999999999994,0.8660254037844387,118.2,103.2,96.2,92.6,126.5,105.86666666666667,11.239810200058237,98.56666666666666,10.76636738490125,102.34999999999998,13.430596006540794
2017-02-01,101.3,2,1,2017,0.8660254037844386,0.5000000000000001,114.7,118.2,103.2,89.1,120.3,112.03333333333335,7.847504911329002,102.25,12.023768128170069,101.36666666666666,11.839405185714172
2017-03-01,101.5,3,1,2017,1.0,6.123233995736766e-17,101.3,114.7,118.2,92.1,112.7,111.39999999999999,8.920201791439455,104.28333333333335,10.256981362304643,99.78333333333332,10.239569711603536
2017-04-01,91.5,4,2,2017,0.8660254037844387,-0.4999999999999998,101.5,101.3,114.7,96.2,95.1,105.83333333333333,7.6794096995363885,105.85000000000001,8.609471528496853,98.84999999999998,9.433932950211783
2017-05-01,90.9,5,2,2017,0.49999999999999994,-0.8660254037844387,91.5,101.5,101.3,103.2,90.6,98.10000000000001,5.7166423711826795,105.06666666666666,9.795236937750138,98.55,9.619440543172825
2017-06-01,89.3,6,2,2017,1.2246467991473532e-16,-1.0,90.9,91.5,101.5,118.2,91.6,94.63333333333333,5.954270176380547,103.01666666666667,11.41690267395956,98.575,9.597265235472067
2017-07-01,93.9,7,3,2017,-0.4999999999999997,-0.8660254037844388,89.3,90.9,91.5,114.7,92.6,90.56666666666666,1.1372481406162978,98.2,9.696803597062225,98.38333333333333,9.770626976563594
2017-08-01,95.6,8,3,2017,-0.8660254037844385,-0.5000000000000004,93.9,89.3,90.9,101.3,89.1,91.36666666666667,2.3352373184186637,94.73333333333333,5.37165399729598,98.49166666666667,9.707678154508207
2017-09-01,95.0,9,3,2017,-1.0,-1.8369701987210297e-16,95.6,93.9,89.3,101.5,92.1,92.93333333333334,3.25934553757884,93.78333333333335,4.3929109559227335,99.03333333333335,9.30916785006086
2017-10-01,98.7,10,4,2017,-0.8660254037844386,0.5000000000000001,95.0,95.6,93.9,91.5,96.2,94.83333333333333,0.8621678104261249,92.7,2.505194603219371,99.27499999999999,9.149080927513017
2017-11-01,122.4,11,4,2017,-0.5000000000000004,0.8660254037844384,98.7,95.0,95.6,90.9,103.2,96.43333333333334,1.9857828011479146,93.89999999999999,3.385262175962047,99.48333333333333,9.10103224248703
2017-12-01,134.7,12,4,2017,-2.4492935982947064e-16,1.0,122.4,98.7,95.0,89.3,118.2,105.36666666666667,14.866853511531417,99.14999999999999,11.791310359752158,101.08333333333333,11.248259124563841
2018-01-01,131.4,1,1,2018,0.49999999999999994,0.8660254037844387,134.7,122.4,98.7,93.9,114.7,118.60000000000001,18.298360582303516,106.71666666666665,17.426579316281895,102.45833333333333,14.161950195270899
2018-02-01,125.9,2,1,2018,0.8660254037844386,0.5000000000000001,131.4,134.7,122.4,95.6,101.3,129.5,6.3663176169586215,112.96666666666665,18.595985229792564,103.85000000000001,16.154622192481572
2018-03-01,128.3,3,1,2018,1.0,6.123233995736766e-17,125.9,131.4,134.7,95.0,101.5,130.66666666666666,4.4455970727598375,118.01666666666667,16.98062621538624,105.90000000000002,17.320403102594447
2018-04-01,109.0,4,2,2018,0.8660254037844387,-0.4999999999999998,128.3,125.9,131.4,98.7,91.5,128.53333333333333,2.7574142476840935,123.56666666666668,12.906380850829631,108.13333333333334,18.395915225117133
2018-05-01,101.9,5,2,2018,0.49999999999999994,-0.8660254037844387,109.0,128.3,125.9,122.4,90.9,121.06666666666668,10.518713482804463,125.28333333333335,9.04464850984612,109.59166666666668,17.635370364094626
2018-06-01,94.3,6,2,2018,1.2246467991473532e-16,-1.0,101.9,109.0,128.3,134.7,89.3,113.06666666666668,13.661747082029207,121.86666666666667,13.247289030841824,110.50833333333333,16.8435829881527
2018-07-01,96.2,7,3,2018,-0.4999999999999997,-0.8660254037844388,94.3,101.9,109.0,131.4,93.9,101.73333333333333,7.351417096950426,115.13333333333333,15.496150059503918,110.92500000000001,16.325113113905743
2018-08-01,104.8,8,3,2018,-0.8660254037844385,-0.5000000000000004,96.2,94.3,101.9,125.9,95.6,97.46666666666665,3.9551653989859377,109.26666666666667,14.751361519082371,111.11666666666666,16.119261957689165
2018-09-01,110.5,9,3,2018,-1.0,-1.8369701987210297e-16,104.8,96.2,94.3,128.3,95.0,98.43333333333334,5.594938188517856,105.75,12.305242785089535,111.88333333333334,15.521880938816237
2018-10-01,117.8,10,4,2018,-0.8660254037844386,0.5000000000000001,110.5,104.8,96.2,109.0,98.7,103.83333333333333,7.198842499550526,102.78333333333335,6.608302858273454,113.17500000000001,14.60716667193939
2018-11-01,130.3,11,4,2018,-0.5000000000000004,0.8660254037844384,117.8,110.5,104.8,101.9,122.4,111.03333333333335,6.51638959342779,104.25,8.857708507283258,114.76666666666667,13.910514880565087
2018-12-01,154.4,12,4,2018,-2.4492935982947064e-16,1.0,130.3,117.8,110.5,94.3,134.7,119.53333333333335,10.013158010005288,108.98333333333335,13.645133442611117,115.425,14.479899861532138
2019-01-01,153.3,1,1,2019,0.49999999999999994,0.8660254037844387,154.4,130.3,117.8,96.2,131.4,134.16666666666666,18.60385264759241,119.0,20.8615435670517,117.06666666666668,17.636549514796737
2019-02-01,144.0,2,1,2019,0.8660254037844386,0.5000000000000001,153.3,154.4,130.3,104.8,125.9,146.00000000000003,13.607718398026764,128.51666666666668,21.397515432093083,118.89166666666667,20.2011907089806
2019-03-01,138.8,3,1,2019,1.0,6.123233995736766e-17,144.0,153.3,154.4,110.5,128.3,150.5666666666667,5.713434460403732,135.04999999999998,18.495485935762648,120.40000000000002,21.411509224543817
2019-04-01,121.3,4,2,2019,0.8660254037844387,-0.4999999999999998,138.8,144.0,153.3,117.8,109.0,145.36666666666667,7.345973954032897,139.76666666666668,14.0591132958896,121.27499999999999,21.97093638092248
2019-05-01,118.4,5,2,2019,0.49999999999999994,-0.8660254037844387,121.3,138.8,144.0,130.3,101.9,134.70000000000002,11.89243456992714,140.35,12.997961378615996,122.3,21.630491945819895
2019-06-01,109.3,6,2,2019,1.2246467991473532e-16,-1.0,118.4,121.3,138.8,154.4,94.3,126.16666666666667,11.036454744768928,138.36666666666665,15.50440797536817,123.67500000000001,20.721140939103208
2019-07-01,117.5,7,3,2019,-0.4999999999999997,-0.8660254037844388,109.3,118.4,121.3,153.3,96.2,116.33333333333333,6.261256529909448,130.85,17.033701887728196,124.925,19.18337940652122
2019-08-01,110.6,8,3,2019,-0.8660254037844385,-0.5000000000000004,117.5,109.3,118.4,144.0,104.8,115.06666666666666,5.014312847572822,124.88333333333334,13.500728375412296,126.7,17.162909268112188
2019-09-01,111.9,9,3,2019,-1.0,-1.8369701987210297e-16,110.6,117.5,109.3,138.8,110.5,112.46666666666665,4.407191093353473,119.31666666666668,10.620624589291522,127.18333333333332,16.561227080872932
2019-10-01,112.0,10,4,2019,-0.8660254037844386,0.5000000000000001,111.9,110.6,117.5,121.3,117.8,113.33333333333333,3.6665151483846405,114.83333333333333,4.874286272539221,127.3,16.437484877282948
2019-11-01,124.5,11,4,2019,-0.5000000000000004,0.8660254037844384,112.0,111.9,110.6,118.4,130.3,111.5,0.7810249675913099,113.28333333333335,3.757348355777589,126.81666666666666,16.822973109483975
2019-12-01,151.7,12,4,2019,-2.4492935982947064e-16,1.0,124.5,112.0,111.9,109.3,154.4,116.13333333333333,7.2459183912968195,114.30000000000001,5.727477629812072,126.33333333333333,16.79709570855691
2020-01-01,151.8,1,1,2020,0.49999999999999994,0.8660254037844387,151.7,124.5,112.0,117.5,153.3,129.4,20.298522113690876,121.36666666666666,15.73628503385291,126.10833333333333,16.400357996831627
2020-02-01,137.1,2,1,2020,0.8660254037844386,0.5000000000000001,151.8,151.7,124.5,110.6,144.0,142.66666666666666,15.732874287088446,127.08333333333333,19.765162955732553,125.98333333333333,16.178483653709023
2020-03-01,118.1,3,1,2020,1.0,6.123233995736766e-17,137.1,151.8,151.7,111.9,138.8,146.86666666666667,8.458329228241722,131.5,18.247739586041742,125.40833333333335,15.591924386059691
2020-04-01,94.3,4,2,2020,0.8660254037844387,-0.4999999999999998,118.1,137.1,151.8,112.0,121.3,135.66666666666666,16.895660192289892,132.53333333333333,17.052233480299922,123.68333333333334,15.11337958314551
2020-05-01,98.0,5,2,2020,0.49999999999999994,-0.8660254037844387,94.3,118.1,137.1,124.5,118.4,116.5,21.444812892632026,129.58333333333334,22.09908746230627,121.43333333333334,17.34543866335585
2020-06-01,102.7,6,2,2020,1.2246467991473532e-16,-1.0,98.0,94.3,118.1,151.7,109.3,103.46666666666665,12.807159456074976,125.16666666666667,25.676733956378932,119.73333333333333,18.622436777047987
2020-07-01,111.0,7,3,2020,-0.4999999999999997,-0.8660254037844388,102.7,98.0,94.3,151.8,117.5,98.33333333333333,4.209908945966771,117.0,23.225158772331298,119.18333333333334,19.051119429449532
2020-08-01,107.1,8,3,2020,-0.8660254037844385,-0.5000000000000004,111.0,102.7,98.0,137.1,110.6,103.89999999999999,6.582552696332732,110.19999999999999,15.776945204950106,118.64166666666667,19.19519155382089
2020-09-01,110.9,9,3,2020,-1.0,-1.8369701987210297e-16,107.1,111.0,102.7,118.1,111.9,106.93333333333332,4.15250928154658,105.19999999999999,8.724219162767445,118.34999999999998,19.354421623071936
2020-10-01,113.9,10,4,2020,-0.8660254037844386,0.5000000000000001,110.9,107.1,111.0,94.3,112.0,109.66666666666667,2.2233608194196397,104.0,6.899275324264055,118.26666666666667,19.38684339880258
2020-11-01,133.9,11,4,2020,-0.5000000000000004,0.8660254037844384,113.9,110.9,107.1,98.0,124.5,110.63333333333333,3.407834111768109,107.26666666666665,5.964785550769207,118.425,19.338709414492477
2020-12-01,149.1,12,4,2020,-2.4492935982947064e-16,1.0,133.9,113.9,110.9,102.7,151.7,119.56666666666668,12.503332889007226,113.25,10.83102026588436,119.20833333333333,19.79221418700395
2021-01-01,149.0,1,1,2021,0.49999999999999994,0.8660254037844387,149.1,133.9,113.9,111.0,151.8,132.29999999999998,17.654461192571006,120.98333333333335,16.743048308676148,118.99166666666667,19.414823686757416
2021-02-01,136.7,2,1,2021,0.8660254037844386,0.5000000000000001,149.0,149.1,133.9,107.1,137.1,144.0,8.746999485537632,127.31666666666668,19.2158701771911,118.75833333333333,18.99700734007296
2021-03-01,138.3,3,1,2021,1.0,6.123233995736766e-17,136.7,149.0,149.1,110.9,118.1,144.9333333333333,7.130451131122712,132.25,16.61056892463334,118.72500000000001,18.962217217883037
2021-04-01,127.8,4,2,2021,0.8660254037844387,-0.4999999999999998,138.3,136.7,149.0,113.9,94.3,141.33333333333334,6.687550622861053,136.8166666666667,12.924460014509734,120.40833333333335,19.78063600105058
2021-05-01,111.4,5,2,2021,0.49999999999999994,-0.8660254037844387,127.8,138.3,136.7,133.9,98.0,134.26666666666665,5.657148869645315,139.13333333333333,8.475061455037403,123.2,18.049124884351215
2021-06-01,111.3,6,2,2021,1.2246467991473532e-16,-1.0,111.4,127.8,138.3,149.1,102.7,125.83333333333336,13.557408798635857,135.38333333333333,14.258389343353658,124.31666666666666,16.71340416515665
2021-07-01,116.2,7,3,2021,-0.4999999999999997,-0.8660254037844388,111.3,111.4,127.8,149.0,111.0,116.83333333333333,9.497543542060162,129.08333333333334,15.298551129654797,125.03333333333335,15.865075041127374
2021-08-01,117.3,8,3,2021,-0.8660254037844385,-0.5000000000000004,116.2,111.3,111.4,136.7,107.1,112.96666666666665,2.800595174838497,123.61666666666667,12.33067989474477,125.46666666666665,15.514060094187377
2021-09-01,110.3,9,3,2021,-1.0,-1.8369701987210297e-16,117.3,116.2,111.3,138.3,110.9,114.93333333333334,3.194265695481305,120.38333333333333,10.641694727188124,126.31666666666668,14.672908451436577
2021-10-01,118.8,10,4,2021,-0.8660254037844386,0.5000000000000001,110.3,117.3,116.2,127.8,113.9,114.60000000000001,3.764306044943119,115.71666666666668,6.576143753497511,126.26666666666667,14.731125571593541
2021-11-01,130.1,11,4,2021,-0.5000000000000004,0.8660254037844384,118.8,110.3,117.3,111.4,133.9,115.46666666666665,4.5368858629382185,114.21666666666665,3.639459666855049,126.67500000000001,14.421834771686113
2021-12-01,151.8,12,4,2021,-2.4492935982947064e-16,1.0,130.1,118.8,110.3,111.3,149.1,119.73333333333333,9.932941826736364,117.33333333333333,7.103426403269342,126.35833333333333,14.289885700499141
2022-01-01,145.1,1,1,2022,0.49999999999999994,0.8660254037844387,151.8,130.1,118.8,116.2,149.0,133.56666666666666,16.770907349733026,124.08333333333333,15.036411362644442,126.58333333333333,14.696000280430756
2022-02-01,139.9,2,1,2022,0.8660254037844386,0.5000000000000001,145.1,151.8,130.1,117.3,136.7,142.33333333333334,11.111405551654093,128.9,16.557898417371547,126.25833333333333,14.189590187773792
2022-03-01,150.5,3,1,2022,1.0,6.123233995736766e-17,139.9,145.1,151.8,110.3,138.3,145.6,5.965735495309537,132.66666666666666,15.950757557766998,126.52500000000002,14.431664995607788
2022-04-01,132.7,4,2,2022,0.8660254037844387,-0.4999999999999998,150.5,139.9,145.1,118.8,127.8,145.16666666666666,5.3003144560798825,139.36666666666667,12.810568553606794,127.54166666666667,15.709722428734228
2022-05-01,122.7,5,2,2022,0.49999999999999994,-0.8660254037844387,132.7,150.5,139.9,130.1,111.4,141.03333333333333,8.953956295031233,141.68333333333334,9.053268286462,127.94999999999999,15.780569179733664
2022-06-01,117.0,6,2,2022,1.2246467991473532e-16,-1.0,122.7,132.7,150.5,151.8,111.3,135.29999999999998,14.08119313126541,140.45000000000002,11.197097838279001,128.89166666666668,15.022132661408829
2022-07-01,113.2,7,3,2022,-0.4999999999999997,-0.8660254037844388,117.0,122.7,132.7,145.1,116.2,124.13333333333333,7.947536305883089,134.65,13.008574095572273,129.36666666666667,14.49622730439207
2022-08-01,118.1,8,3,2022,-0.8660254037844385,-0.5000000000000004,113.2,117.0,122.7,139.9,117.3,117.63333333333333,4.781561809004479,129.33333333333334,14.334666604656775,129.11666666666667,14.767275450888711
2022-09-01,115.6,9,3,2022,-1.0,-1.8369701987210297e-16,118.1,113.2,117.0,150.5,110.3,116.10000000000001,2.57099202643589,125.69999999999999,13.876166617621617,129.1833333333333,14.710777331499713
2022-10-01,115.3,10,4,2022,-0.8660254037844386,0.5000000000000001,115.6,118.1,113.2,132.7,118.8,115.63333333333333,2.450170062124314,119.88333333333334,7.024362367266143,129.625,14.161607831162124
2022-11-01,147.0,11,4,2022,-0.5000000000000004,0.8660254037844384,115.3,115.6,118.1,122.7,130.1,116.33333333333333,1.5373136743456963,116.98333333333333,3.2554057606795572,129.33333333333334,14.43816491319455
2022-12-01,155.5,12,4,2022,-2.4492935982947064e-16,1.0,147.0,115.3,115.6,117.0,151.8,125.96666666666665,18.21601859170466,121.03333333333332,12.828821717783148,130.74166666666667,15.317218969829115
2023-01-01,158.0,1,1,2023,0.49999999999999994,0.8660254037844387,155.5,147.0,115.3,113.2,145.1,139.26666666666665,21.18639500560039,127.44999999999999,18.69510631154571,131.04999999999998,15.809002038539349
2023-02-01,146.8,2,1,2023,0.8660254037844386,0.5000000000000001,158.0,155.5,147.0,118.1,139.9,153.5,5.766281297334956,134.91666666666666,20.70395292369699,132.125,17.22630784057273
2023-03-01,147.2,3,1,2023,1.0,6.123233995736766e-17,146.8,158.0,155.5,115.6,150.5,153.43333333333337,5.879058881600708,139.70000000000002,19.310100983681913,132.7,17.6200815187464
2023-04-01,137.8,4,2,2023,0.8660254037844387,-0.4999999999999998,147.2,146.8,158.0,115.3,132.7,150.66666666666666,6.354001363969668,144.96666666666667,15.319355948167617,132.425,17.340552837994192
2023-05-01,123.2,5,2,2023,0.49999999999999994,-0.8660254037844387,137.8,147.2,146.8,147.0,122.7,143.93333333333337,5.315386470740275,148.71666666666667,7.215099906907576,132.85,17.410263430725806
2023-06-01,113.6,6,2,2023,1.2246467991473532e-16,-1.0,123.2,137.8,147.2,155.5,117.0,136.0666666666667,12.09352443803417,144.75,12.759584632737536,132.89166666666668,17.384342920797277
2023-07-01,121.6,7,3,2023,-0.4999999999999997,-0.8660254037844388,113.6,123.2,137.8,158.0,113.2,124.86666666666667,12.18578406723719,137.76666666666668,16.59031846188192,132.60833333333332,17.691880949044034
2023-08-01,123.9,8,3,2023,-0.8660254037844385,-0.5000000000000004,121.6,113.6,123.2,146.8,118.1,119.46666666666668,5.14328040586281,131.70000000000002,14.193942369898327,133.30833333333334,17.00708185825331
2023-09-01,114.6,9,3,2023,-1.0,-1.8369701987210297e-16,123.9,121.6,113.6,147.2,115.6,119.7,5.406477596365211,127.88333333333334,12.270031241470514,133.79166666666666,16.61343696767118
2023-10-01,123.5,10,4,2023,-0.8660254037844386,0.5000000000000001,114.6,123.9,121.6,137.8,115.3,120.03333333333335,4.843896503160676,122.45,8.70580266259219,133.70833333333334,16.715178640077184
2023-11-01,141.5,11,4,2023,-0.5000000000000004,0.8660254037844384,123.5,114.6,123.9,123.2,147.0,120.66666666666669,5.257692776620956,120.06666666666668,4.6979428121960405,134.39166666666668,16.048531982330164
2023-12-01,160.8,12,4,2023,-2.4492935982947064e-16,1.0,141.5,123.5,114.6,113.6,155.5,126.53333333333335,13.704135628828682,123.11666666666667,10.040999286259494,133.9333333333333,15.731111810290914
2024-01-01,158.9,1,1,2024,0.49999999999999994,0.8660254037844387,160.8,141.5,123.5,121.6,158.0,141.93333333333337,18.65377531046545,130.98333333333332,17.101276755454894,134.375,16.449654597092056
2024-02-01,151.9,2,1,2024,0.8660254037844386,0.5000000000000001,158.9,160.8,141.5,123.9,146.8,153.73333333333335,10.636885509082507,137.2,19.604489281794457,134.45,16.568782256235394
2024-03-01,142.4,3,1,2024,1.0,6.123233995736766e-17,151.9,158.9,160.8,114.6,147.2,157.20000000000002,4.687216658102749,141.86666666666667,19.13224154840878,134.875,16.974800842317972
2024-04-01,119.8,4,2,2024,0.8660254037844387,-0.4999999999999998,142.4,151.9,158.9,123.5,137.8,151.0666666666667,8.281505499203,146.5,13.843554456857932,134.475,16.71249532535448
2024-05-01,116.4,5,2,2024,0.49999999999999994,-0.8660254037844387,119.8,142.4,151.9,141.5,123.2,138.03333333333336,16.489491603240243,145.88333333333333,15.098531937465243,132.975,17.187951646958332
2024-06-01,118.3,6,2,2024,1.2246467991473532e-16,-1.0,116.4,119.8,142.4,160.8,113.6,126.20000000000003,14.13223266154353,141.7,19.41586979766789,132.40833333333333,17.645522652983836
2024-07-01,119.9,7,3,2024,-0.4999999999999997,-0.8660254037844388,118.3,116.4,119.8,158.9,121.6,118.16666666666669,1.7039170558836771,134.61666666666667,18.7967461723209,132.8,17.237538318237995
2024-08-01,122.3,8,3,2024,-0.8660254037844385,-0.5000000000000004,119.9,118.3,116.4,151.9,123.9,118.2,1.7521415467929478,128.11666666666667,15.099591605956164,132.65833333333333,17.34460661957701
2024-09-01,120.5,9,3,2024,-1.0,-1.8369701987210297e-16,122.3,119.9,118.3,142.4,114.6,120.16666666666669,2.013289182738343,123.18333333333332,9.614034879625873,132.525,17.42402338465737
2024-10-01,130.5,10,4,2024,-0.8660254037844386,0.5000000000000001,120.5,122.3,119.9,119.8,123.5,120.90000000000002,1.2489995996788177,119.53333333333332,2.006655592438225,133.01666666666665,16.94900551297284
2024-11-01,136.5,11,4,2024,-0.5000000000000004,0.8660254037844384,130.5,120.5,122.3,116.4,141.5,124.43333333333335,5.330415868703958,121.31666666666668,4.924395055909228,133.6,16.710475756243316
2024-12-01,154.2,12,4,2024,-2.4492935982947064e-16,1.0,136.5,130.5,120.5,118.3,160.8,129.16666666666666,8.082903768654598,124.66666666666667,7.214892006583509,133.1833333333333,16.557219426930082
2025-01-01,159.2,1,1,2025,0.49999999999999994,0.8660254037844387,154.2,136.5,130.5,119.9,158.9,140.4,12.321931666747574,130.65,13.245036806290674,132.63333333333333,15.640700596568907
2025-02-01,142.7,2,1,2025,0.8660254037844386,0.5000000000000001,159.2,154.2,136.5,122.3,151.9,149.96666666666667,11.927419391189764,137.20000000000002,16.24364491116428,132.65833333333333,15.686674039586533
2025-03-01,131.6,3,1,2025,1.0,6.123233995736766e-17,142.7,159.2,154.2,120.5,142.4,152.03333333333333,8.460693430997825,140.6,14.547577117856864,131.89166666666668,14.864017463374799
