feature,mean_absolute_shap
lag_12,10.748627077823581
lag_1,5.679427821422104
rolling_mean_12,0.9722515511909009
year_number,0.9068309699549714
month_cos,0.8134362651161812
rolling_std_3,0.3741909130393279
lag_3,0.35334035700566324
rolling_mean_3,0.34103478445866586
lag_2,0.2874928584026073
month_number,0.28558716140723245
rolling_std_12,0.228684927762635
rolling_std_6,0.20338991431979125
rolling_mean_6,0.202893817396898
lag_6,0.16945512727264797
month_sin,0.13663198719251876
quarter,0.08714665861140154
