feature,importance,feature_type,lag,direction
lag_1,0.7063212624456128,historical lag,1,positive
lag_12,0.08547381321396585,historical lag,12,positive
lag_3,0.0732595571424497,historical lag,3,positive
lag_2,0.06522051975763077,historical lag,2,positive
lag_6,0.04136710023961143,historical lag,6,positive
lag_10,0.03300938136194986,historical lag,10,positive
lag_8,0.02242828138773234,historical lag,8,positive
lag_11,0.018481410344406868,historical lag,11,positive
lag_4,0.01547322314951316,historical lag,4,positive
lag_5,0.012896377869651587,historical lag,5,positive
lag_9,0.0011902408651849328,historical lag,9,negative
lag_7,0.0010249028420616924,historical lag,7,negative
