feature,mean_absolute_shap_random_forest,mean_absolute_shap_xgboost
lag_1,5.679427821422104,6.4547057
lag_12,10.748627077823581,7.302621
lag_2,0.2874928584026073,0.6604721
lag_3,0.35334035700566324,0.5988977
lag_6,0.16945512727264797,0.52058375
month_cos,0.8134362651161812,2.3372474
month_number,0.28558716140723245,1.3599417
month_sin,0.13663198719251876,0.29609874
quarter,0.08714665861140154,0.10591803
rolling_mean_12,0.9722515511909009,1.104147
rolling_mean_3,0.34103478445866586,0.5102028
rolling_mean_6,0.202893817396898,0.44463477
rolling_std_12,0.228684927762635,0.3353926
rolling_std_3,0.3741909130393279,0.5732932
rolling_std_6,0.20338991431979125,0.40286803
year_number,0.9068309699549714,1.8016671
