date,sector,index,trend,seasonal,residual,robust_z_score,statistical_anomaly,iforest_score,isolation_forest_anomaly,anomaly_method_count,anomaly_flag
2012-04-01,Basic Metals,104.1,104.62531191345029,0.7607844652922231,-1.2860963787425135,-0.5089579015963157,False,0.10375630971064104,False,0,False
2012-05-01,Basic Metals,119.3,105.1784318294748,12.216505805444182,1.9050623650810081,0.7658583295177309,False,0.12921176326292172,False,0,False
2012-06-01,Basic Metals,106.4,105.72734903955671,1.4922542086190804,-0.8196032481757953,-0.3226014517015297,False,0.08845748329243602,False,0,False
2012-07-01,Basic Metals,109.5,106.27120124760272,3.1001780962214305,0.12862065617585472,0.056198639750350415,False,0.09926073272465347,False,0,False
2012-08-01,Basic Metals,101.3,106.80916409797186,-3.285469381812265,-2.2236947161595992,-0.8835132511596299,False,0.0639102419027947,False,0,False
2012-09-01,Basic Metals,105.3,107.34060994961334,-2.827155018091986,0.7865450684786452,0.31902878609550867,False,0.07123527589180811,False,0,False
2012-10-01,Basic Metals,102.9,107.86581555200978,-5.626183647969171,0.6603680959593987,0.2686231292563759,False,0.08234843006138337,False,0,False
2012-11-01,Basic Metals,104.5,108.3852532100866,-4.064128942104545,0.17887573201794282,0.07627472857023782,False,0.09367088218755198,False,0,False
2012-12-01,Basic Metals,109.9,108.89948593022449,-0.7932501392396185,1.7937642090151371,0.721396518860253,False,0.0884651208113385,False,0,False
2013-01-01,Basic Metals,109.9,109.40938787420255,1.8459150119327616,-1.3553028861353056,-0.5366047803652915,False,0.10383518460341129,False,0,False
2013-02-01,Basic Metals,105.5,109.91512316297631,-4.2338901452847,-0.1812330176916106,-0.06758288427476962,False,0.09734677128752273,False,0,False
2013-03-01,Basic Metals,115.5,110.41472532688978,2.665003766200557,2.420270906909664,0.971675797170507,False,0.09025037281754272,False,0,False
2013-04-01,Basic Metals,113.0,110.87549535110844,0.16633347134303095,1.9581711775485218,0.7870744398976421,False,0.11956052257523225,False,0,False
2013-05-01,Basic Metals,114.2,111.36354342758338,9.791905350729033,-6.955448778312416,-2.773772358998555,False,0.08095470087412737,False,0,False
2013-06-01,Basic Metals,104.1,111.87051530410072,1.9022243863901735,-9.6727396904909,-3.8592860665847026,True,0.028119434286440037,False,1,True
2013-07-01,Basic Metals,112.5,112.39158307768916,2.598714038957975,-2.4902971166471417,-0.9900165920082487,False,0.09801697742216647,False,0,False
2013-08-01,Basic Metals,113.8,112.93765425055324,-1.4265701746504866,2.288915924097253,0.9192016090872366,False,0.10023740655777635,False,0,False
2013-09-01,Basic Metals,109.8,113.5222881799637,-2.9787012409630846,-0.7435869390006076,-0.2922341674185162,False,0.08854538800244866,False,0,False
2013-10-01,Basic Metals,107.4,114.15545478855826,-4.446150804594434,-2.309303983963815,-0.9177127670382543,False,0.08782402800849765,False,0,False
2013-11-01,Basic Metals,108.8,114.84932490098012,-5.168024420332312,-0.8813004806478091,-0.34724849676701625,False,0.11168148250875892,False,0,False
2013-12-01,Basic Metals,111.5,115.61969723135186,-0.8103125300525641,-3.309384701299294,-1.3172288153548883,False,0.08042220614288059,False,0,False
2014-01-01,Basic Metals,120.4,116.4911736856723,2.573364196544916,1.3354621177827966,0.5383122565096838,False,0.12234387739491503,False,0,False
2014-02-01,Basic Metals,115.2,117.4519193957957,-3.6834248173977153,1.4315054216020258,0.5766800007767305,False,0.1175941992185569,False,0,False
2014-03-01,Basic Metals,119.7,118.44093820281246,2.996587090330555,-1.7375252931430083,-0.6892964411270744,False,0.11705063520979675,False,0,False
2014-04-01,Basic Metals,117.9,119.39192419496386,-0.4958872038441417,-0.9960369911197091,-0.3930838743188432,False,0.13760424279830463,False,0,False
2014-05-01,Basic Metals,127.6,120.25763893681284,7.422390362892742,-0.08002929970558625,-0.02715363813106625,False,0.15143952630826107,False,0,False
2014-06-01,Basic Metals,125.7,121.00964653919488,2.2420075793214074,2.448345881483718,0.9828912947838394,False,0.12086824940249974,False,0,False
2014-07-01,Basic Metals,126.5,121.647751695501,1.8281248177911296,3.0241234867078646,1.2129051222289309,False,0.12509571845236567,False,0,False
2014-08-01,Basic Metals,123.7,122.16132940035718,0.3195572871366108,1.2191133125062237,0.49183279329765084,False,0.12436872799786214,False,0,False
2014-09-01,Basic Metals,119.5,122.55674296149016,-3.0710925235460054,0.014349562055841147,0.010549188492776014,False,0.1025165681773424,False,0,False
2014-10-01,Basic Metals,123.8,122.86479756853134,-3.315902232449753,4.251104663918412,1.7030642291699074,False,0.06997430038385433,False,0,False
2014-11-01,Basic Metals,123.8,123.10381077620258,-6.227359608156313,6.923548831953724,2.7706623888513984,False,0.04646850327459651,False,0,False
2014-12-01,Basic Metals,124.1,123.27518279183656,-0.8039696430648642,1.6287868512282984,0.655490736554676,False,0.11070410774568573,False,0,False
2015-01-01,Basic Metals,128.3,123.35990069427646,3.2629708121819827,1.6771284935415736,0.6748024396715928,False,0.12909503039560088,False,0,False
2015-02-01,Basic Metals,116.8,123.34317277641988,-3.1206038539096377,-3.422568922510237,-1.362444078489317,False,0.10008401195206784,False,0,False
2015-03-01,Basic Metals,124.1,123.23615572114272,3.5252211207682267,-2.6613768419109505,-1.058360171281125,False,0.11642131431897385,False,0,False
2015-04-01,Basic Metals,124.1,123.07876726470366,-1.4452825645752254,2.46651529987156,0.9901496831405936,False,0.12892686560825256,False,0,False
2015-05-01,Basic Metals,126.7,122.92832323023372,5.25512948623393,-1.4834527164676388,-0.58779856194647,False,0.14920724042881212,False,0,False
2015-06-01,Basic Metals,124.3,122.8202581147489,2.70795855326801,-1.2282166680169126,-0.48583589463630655,False,0.12598332853812372,False,0,False
2015-07-01,Basic Metals,126.3,122.79630907596587,1.1161632844227969,2.387527639611335,0.9585953922259373,False,0.13352542114629817,False,0,False
2015-08-01,Basic Metals,124.0,122.91269866601881,1.7125827209901179,-0.6252813870089255,-0.24497301558712883,False,0.12537834076951798,False,0,False
2015-09-01,Basic Metals,118.6,123.18579286702409,-3.0434595175934356,-1.5423333494306632,-0.611320421128441,False,0.08984602269006187,False,0,False
2015-10-01,Basic Metals,119.0,123.5760860543756,-1.8923087498113929,-2.6837773045642024,-1.0673087932918917,False,0.09750034877813446,False,0,False
2015-11-01,Basic Metals,115.1,124.0536221165322,-6.9801096415690465,-1.973512474963158,-0.7835694979912822,False,0.11199449270344009,False,0,False
2015-12-01,Basic Metals,121.7,124.59493921339948,-0.3799087858749783,-2.5150304275245077,-0.9998971490995192,False,0.10806605364128241,False,0,False
2016-01-01,Basic Metals,126.8,125.17124288139831,3.974638714845063,-2.3458815962433732,-0.932324930698125,False,0.11771992499718781,False,0,False
2016-02-01,Basic Metals,126.1,125.76986819331198,-2.5474072449360032,2.8775390516240265,1.1543470146339254,False,0.11561777980362042,False,0,False
2016-03-01,Basic Metals,138.7,126.40088033139565,4.411005815162331,7.888113853442007,3.155990491923082,False,0.08223116159581434,False,0,False
2016-04-01,Basic Metals,122.4,127.06093822765853,-2.477761709344304,-2.1831765183142124,-0.8673268873916838,False,0.13323817027746482,False,0,False
2016-05-01,Basic Metals,134.6,127.74049102337153,3.653829632822792,3.205679343805656,1.2854337464880838,False,0.1393138504813609,False,0,False
2016-06-01,Basic Metals,131.0,128.4265916762509,1.5463291471921967,1.0270791765568958,0.41511826635348353,False,0.1352128911688958,False,0,False
2016-07-01,Basic Metals,126.6,129.0945368628329,-0.6361970639439363,-1.8583397988889772,-0.7375598793458972,False,0.1345080026037167,False,0,False
2016-08-01,Basic Metals,133.7,129.7185007900399,1.5491323617525241,2.4323668482075504,0.9765079298016378,False,0.12240441191154589,False,0,False
2016-09-01,Basic Metals,129.8,130.28638045943956,-2.762716150573327,2.276335691133795,0.9141760097797584,False,0.08223806973523973,False,0,False
2016-10-01,Basic Metals,130.7,130.7971436533443,-0.5715648048533277,0.47442115150900577,0.1943403367220875,False,0.1271628813925254,False,0,False
2016-11-01,Basic Metals,120.7,131.26059698258612,-6.251251604462506,-4.309345378123609,-1.716696909431603,False,0.06195700589289499,False,0,False
2016-12-01,Basic Metals,133.2,131.70122214481606,0.774547902199374,0.7242299529845582,0.2941349067705252,False,0.11056167213979523,False,0,False
2017-01-01,Basic Metals,137.3,132.1502413098412,4.046746992550962,1.1030116976078546,0.4454520786379797,False,0.13636971898506334,False,0,False
2017-02-01,Basic Metals,129.1,132.6179585676434,-1.898301036959504,-1.6196575306838952,-0.6422101791230924,False,0.13390517844131594,False,0,False
2017-03-01,Basic Metals,137.7,133.10136953770163,7.238225802256671,-2.639595339958305,-1.049658814044974,False,0.1271744257173983,False,0,False
2017-04-01,Basic Metals,131.1,133.61236037918644,-4.262887689143083,1.7505273099566239,0.7041240779923347,False,0.1397602565181732,False,0,False
2017-05-01,Basic Metals,135.4,134.1599777094175,1.4668060085225338,-0.22678371794000896,-0.08577965124152137,False,0.15404656685246304,False,0,False
2017-06-01,Basic Metals,135.1,134.74958877768825,0.284609975717494,0.06580124659424769,0.031103303105429594,False,0.1399796450136927,False,0,False
2017-07-01,Basic Metals,131.7,135.37830730987937,-2.964793079059374,-0.7135142308200102,-0.2802206075865639,False,0.1399755061151724,False,0,False
2017-08-01,Basic Metals,136.2,136.01684523665003,1.3683235533895692,-1.1851687900395973,-0.4686389646287615,False,0.13142896654644065,False,0,False
2017-09-01,Basic Metals,133.1,136.63488566938673,-2.6597660166572963,-0.8751196527294383,-0.3447793561241972,False,0.1146196876192026,False,0,False
2017-10-01,Basic Metals,138.6,137.22245686388027,0.49353474052931295,0.8840083955903992,0.35796380666787064,False,0.12883489707370938,False,0,False
2017-11-01,Basic Metals,136.6,137.7797712400604,-4.047028112508264,2.8672568724478538,1.150239450593002,False,0.11156956734454565,False,0,False
2017-12-01,Basic Metals,140.3,138.30250763088154,2.900603481303292,-0.9031111121848028,-0.3559614908003037,False,0.11551546391992357,False,0,False
2018-01-01,Basic Metals,143.7,138.78406530059982,4.756976164044366,0.15895853535579363,0.06831813110157786,False,0.13170573535644214,False,0,False
2018-02-01,Basic Metals,143.0,139.2269217550105,-2.527188084074078,6.300266329063589,2.5216711242232694,False,0.08062128293355658,False,0,False
2018-03-01,Basic Metals,151.3,139.63083301572092,11.109307675295202,0.5598593089838744,0.22847149679560336,False,0.11464667705400067,False,0,False
2018-04-01,Basic Metals,134.0,139.98053001227578,-6.401191037787914,0.4206610255121461,0.17286403713649628,False,0.1457182353792003,False,0,False
2018-05-01,Basic Metals,138.3,140.27304513720057,-2.210730836769712,0.2376856995691412,0.09976835806474856,False,0.1514804085515814,False,0,False
2018-06-01,Basic Metals,139.0,140.51041976812877,-1.5223421099452792,0.011922341816500648,0.009579553320728016,False,0.13547719510067524,False,0,False
2018-07-01,Basic Metals,136.9,140.7062729728317,-4.934078607412769,1.1278056345810796,0.4553568548725881,False,0.13637553396190588,False,0,False
2018-08-01,Basic Metals,140.4,140.88088222513736,1.0977930856975469,-1.5786753108349103,-0.6258384460804509,False,0.1293407310334131,False,0,False
2018-09-01,Basic Metals,138.7,141.05082051690542,-3.1579020718626802,0.8070815549572501,0.3272327798152355,False,0.11144788370405323,False,0,False
2018-10-01,Basic Metals,143.2,141.2563830862349,1.4885442546272132,0.4550726591378691,0.18661092740641122,False,0.12838592876598698,False,0,False
2018-11-01,Basic Metals,139.5,141.66757905527155,-1.2990321413922044,-0.868546913879328,-0.3421536534119106,False,0.12818075630985953,False,0,False
2018-12-01,Basic Metals,146.4,142.45554821894726,6.429926696280578,-2.485474915227826,-0.9880902006461946,False,0.10256666224196992,False,0,False
2019-01-01,Basic Metals,146.0,143.55167021815933,6.492060668432359,-4.043730886591703,-1.6105882222096475,False,0.07601607927342457,False,0,False
2019-02-01,Basic Metals,140.1,144.790223721521,-3.4802645830956447,-1.2099591384253472,-0.4785423072807977,False,0.13510441309819637,False,0,False
2019-03-01,Basic Metals,177.2,146.0784130018819,11.676535261901085,19.44505173621701,7.772799988929147,True,-0.010514553640452173,True,2,True
2019-04-01,Basic Metals,137.5,147.38401193115342,-6.449861739820922,-3.434150191332492,-1.367070607802558,False,0.11880374925575016,False,0,False
2019-05-01,Basic Metals,167.0,148.71331597153284,-5.720261916774527,24.006945945241682,9.595202836655183,True,-0.0074022550918855234,True,2,True
2019-06-01,Basic Metals,164.1,150.10345486050878,-4.593785594484418,18.590330733975634,7.431352792408349,True,0.007402290218437746,False,1,True
2019-07-01,Basic Metals,164.7,151.5866924552366,-5.685045398338511,18.79835294310189,7.514454295628653,True,0.001662351011661345,False,1,True
2019-08-01,Basic Metals,156.9,153.1923530782987,1.0066648491417094,2.700982072559583,1.0838153611825099,False,0.11026072146085653,False,0,False
2019-09-01,Basic Metals,150.4,154.8888479204263,-3.4217979404370897,-1.0670499799891786,-0.4214524131782586,False,0.10996148016919521,False,0,False
2019-10-01,Basic Metals,156.3,156.46331367969253,2.5623479798656037,-2.7256616595581136,-1.084040914713092,False,0.09419216620928705,False,0,False
2019-11-01,Basic Metals,160.5,157.56724901696745,-0.495645990813644,3.4283969738461906,1.374405832342622,False,0.09582465148391828,False,0,False
2019-12-01,Basic Metals,170.9,158.25816423963323,8.704231630682976,3.937604129683791,1.5778258434961294,False,0.07206159626384445,False,0,False
2020-01-01,Basic Metals,168.7,158.91032996438068,8.168117091968114,1.62155294365121,0.6526009076448795,False,0.11856369684475732,False,0,False
2020-02-01,Basic Metals,169.5,159.63089445942342,-4.190846378846743,14.059951919423327,5.621539834320706,True,0.009113703732777645,False,1,True
2020-03-01,Basic Metals,143.0,160.4059478233563,13.348383768430834,-30.75433159178715,-12.281040573630671,True,-0.033330864660988,True,2,True
2020-04-01,Basic Metals,40.3,161.23244114485493,-5.959239693066852,-114.97320145178809,-45.92511499374928,True,-0.19945577744377208,True,2,True
2020-05-01,Basic Metals,103.2,162.07118857237154,-7.911196476312829,-50.95999209605871,-20.352874674983646,True,-0.07712306330032015,True,2,True
2020-06-01,Basic Metals,131.5,162.87238556295773,-7.1961775815980715,-24.176207981359653,-9.653186736814064,True,-0.012651671575899637,True,2,True
2020-07-01,Basic Metals,153.1,163.57309621591705,-6.029806683750887,-4.443289532166176,-1.7702054294846397,False,0.09076157600324769,False,0,False
2020-08-01,Basic Metals,162.9,164.118055297799,1.244478538611613,-2.462533836410614,-0.9789256112342598,False,0.11154295482380278,False,0,False
2020-09-01,Basic Metals,160.5,164.6154025921787,-3.4985582900451155,-0.6168443021335861,-0.24160253683448538,False,0.10700952762435129,False,0,False
2020-10-01,Basic Metals,170.6,165.33145375198617,3.1239098210018037,2.144636427012017,0.8615642868897037,False,0.10318571758979561,False,0,False
2020-11-01,Basic Metals,165.4,166.34721361588464,-0.6452442964141846,-0.3019693194704587,-0.11581508127539343,False,0.11952794786916571,False,0,False
2020-12-01,Basic Metals,181.7,167.51949130558566,9.413460622019741,4.767048072394601,1.9091752641457735,False,0.0533419707110524,False,0,False
2021-01-01,Basic Metals,179.8,168.72542931247344,10.400360345971905,0.6742103415546694,0.27415288216950573,False,0.12415958289333351,False,0,False
2021-02-01,Basic Metals,163.6,169.91867580194452,-4.197097036249127,-2.1215787656954035,-0.8427195829162822,False,0.11493462541734828,False,0,False
2021-03-01,Basic Metals,184.7,171.064726313712,15.038761858974118,-1.4034881726861101,-0.5558540218875878,False,0.10789667037677414,False,0,False
2021-04-01,Basic Metals,168.5,172.15021498399398,-4.443811243525117,0.7935962595311423,0.3218456227131816,False,0.1196568343924625,False,0,False
2021-05-01,Basic Metals,159.8,173.1894724525051,-11.619026757905939,-1.7704456945991467,-0.7024476082986555,False,0.1255140931853076,False,0,False
2021-06-01,Basic Metals,163.5,174.20385126995228,-10.90340071164162,0.19954944168932798,0.08453354073288301,False,0.11886513330876491,False,0,False
2021-07-01,Basic Metals,171.1,175.21960197127626,-5.779937814018035,1.6603358427417731,0.6680940476668233,False,0.11462395170594258,False,0,False
2021-08-01,Basic Metals,178.8,176.26590140001844,1.0189200507217844,1.5151785492597867,0.6101060600264143,False,0.10637919996444845,False,0,False
2021-09-01,Basic Metals,174.7,177.34142032803857,-3.471018046783005,0.8295977187444237,0.3362276225549982,False,0.09078484687631178,False,0,False
2021-10-01,Basic Metals,182.6,178.42151126172368,3.2515596561902025,0.9269290820861045,0.3751099257386267,False,0.1085586465047561,False,0,False
2021-11-01,Basic Metals,175.7,179.47865935889817,-2.0048943633084497,-1.7737649955897439,-0.7037736152818419,False,0.10848347589403334,False,0,False
2021-12-01,Basic Metals,185.4,180.49276565542138,8.256228164840373,-3.3489938202617395,-1.333052016833406,False,0.07245293428798993,False,0,False
2022-01-01,Basic Metals,191.6,181.4731812392161,11.095470071049741,-0.968651310265841,-0.38214373838226784,False,0.11228955571425381,False,0,False
2022-02-01,Basic Metals,180.0,182.47301615938332,-4.419702581282373,1.9466864218990452,0.7824864660337066,False,0.11031345505356621,False,0,False
2022-03-01,Basic Metals,199.2,183.53924219694423,13.982357359294134,1.6784004437616318,0.67531056318279,False,0.08694784063801486,False,0,False
2022-04-01,Basic Metals,180.1,184.70322503282506,-3.4091733967555506,-1.1940516360695028,-0.47218751774268225,False,0.11201993122127335,False,0,False
2022-05-01,Basic Metals,186.2,185.97702983603446,-5.604574995943407,5.8275451599089365,2.3328266737878423,False,0.07391547951989164,False,0,False
2022-06-01,Basic Metals,175.2,187.3462993166607,-8.980028918942855,-3.1662703977178523,-1.2600569690895387,False,0.08435989317685577,False,0,False
2022-07-01,Basic Metals,182.6,188.78946467773773,-4.031861293406531,-2.157603384331196,-0.85711083457228,False,0.10358813076914025,False,0,False
2022-08-01,Basic Metals,185.9,190.2905623586175,0.586016047483432,-4.976578406100941,-1.9832456969675438,False,0.049545783070322424,False,0,False
2022-09-01,Basic Metals,185.7,191.84023249144283,-4.718696151852345,-1.4215363395904888,-0.5630639722406028,False,0.08578211287715498,False,0,False
2022-10-01,Basic Metals,192.2,193.43761777893232,2.0117550595648326,-3.249372838497152,-1.2932550481746647,False,0.06347265195761576,False,0,False
2022-11-01,Basic Metals,192.7,195.11098052212623,-4.624355742106539,2.2133752199802927,0.8890243213216329,False,0.08881644799737343,False,0,False
2022-12-01,Basic Metals,201.9,196.91438327304368,6.002182369813892,-1.0165656428575573,-0.4012847381865367,False,0.08843644339797258,False,0,False
2023-01-01,Basic Metals,210.8,198.86235734981818,10.20545363094909,1.7321890192327487,0.6967982278725522,False,0.09149244762561437,False,0,False
2023-02-01,Basic Metals,195.4,200.88674911036148,-5.75333841941886,0.26658930905739453,0.11131488190494426,False,0.10600362550190784,False,0,False
2023-03-01,Basic Metals,214.0,202.88032652518058,13.545301998445849,-2.425628523626415,-0.9641825365305339,False,0.07769261059632682,False,0,False
2023-04-01,Basic Metals,201.9,204.77230492997413,-2.364232752410847,-0.508072177563264,-0.1981498348454695,False,0.09386335703841547,False,0,False
2023-05-01,Basic Metals,206.3,206.54803933125035,-0.6495987294327706,0.40155939818242814,0.16523324640640566,False,0.08884761684806708,False,0,False
2023-06-01,Basic Metals,203.4,208.2186973879346,-6.780569326922556,1.9618719389879402,0.7885528341516361,False,0.06334172968941387,False,0,False
2023-07-01,Basic Metals,209.4,209.8067508973153,-2.453203296412523,2.0464523990972054,0.8223413580196761,False,0.07414437022432308,False,0,False
2023-08-01,Basic Metals,217.4,211.3302501654059,0.05525528197710956,6.014494552617009,2.407509928164468,False,0.018154874833806844,False,0,False
2023-09-01,Basic Metals,213.6,212.80368775570557,-5.998484391305946,6.794796635600363,2.719227971801313,False,-0.01078353186183334,True,1,True
2023-10-01,Basic Metals,217.2,214.23564002091618,0.647437308833965,2.316922670249852,0.9303898505512903,False,0.06032284534692345,False,0,False
2023-11-01,Basic Metals,207.3,215.61378318027386,-6.931705496503142,-1.3820776837707172,-0.5473008783505392,False,0.09043731778257941,False,0,False
2023-12-01,Basic Metals,220.2,216.92351921269702,4.301107740421541,-1.0246269531185703,-0.4045051010671599,False,0.0780329963509977,False,0,False
2024-01-01,Basic Metals,226.9,218.14721863237105,9.431022996995894,-0.6782416293669371,-0.26612977461467674,False,0.08363742665252177,False,0,False
2024-02-01,Basic Metals,213.2,219.29166177539943,-7.532799715216021,1.4411379398165707,0.5805280357860108,False,0.08845337901922767,False,0,False
2024-03-01,Basic Metals,232.1,220.4021007659754,13.498391119925309,-1.8004918859007262,-0.7144505750669328,False,0.05342999396574388,False,0,False
2024-04-01,Basic Metals,220.7,221.53257809059744,-1.3132590170535672,0.4806809264561025,0.19684101542418134,False,0.07393395618580878,False,0,False
2024-05-01,Basic Metals,225.9,222.82160136907305,4.125529576657446,-1.047130945730487,-0.4134950816195434,False,0.06499039158189901,False,0,False
2024-06-01,Basic Metals,219.2,224.14488945681381,-4.477587818047606,-0.4673016387662301,-0.18186266495449463,False,0.05557151698969054,False,0,False
2024-07-01,Basic Metals,223.7,225.48068437847232,-0.9024612437112076,-0.8782231347611287,-0.3460191469289095,False,0.05810098735938907,False,0,False
2024-08-01,Basic Metals,225.6,226.8241634193512,-0.3742976315466885,-0.8498657878045321,-0.33469084612232297,False,0.05715193199361979,False,0,False
2024-09-01,Basic Metals,219.7,228.17442142338663,-7.275150250612041,-1.1992711727746155,-0.47427263811579184,False,0.05151231912521992,False,0,False
2024-10-01,Basic Metals,228.2,229.53159184554724,-0.697701596231627,-0.6338902493156127,-0.24841211664132495,False,0.04380818169995171,False,0,False
2024-11-01,Basic Metals,222.0,230.89637622223128,-9.274643176211443,0.37826695398015886,0.1559282922141885,False,0.07228076940054451,False,0,False
2024-12-01,Basic Metals,236.8,232.26958349444885,2.8548484266878145,1.6755680788633356,0.6741790792815976,False,0.0286993642160861,False,0,False
2025-01-01,Basic Metals,242.2,233.65155528285158,8.58448203350892,-0.03603731636050611,-0.009579553320728016,False,0.05022902415062058,False,0,False
2025-02-01,Basic Metals,224.3,235.04184705614122,-9.462417903651826,-1.2794291524893708,-0.5062944526969256,False,0.07277735646358652,False,0,False
2025-03-01,Basic Metals,252.2,236.44006564795964,13.529927366848378,2.2300069851919773,0.8956684421398061,False,-0.004987053034984035,True,1,True
2012-04-01,Chemicals and Chemical Products,100.4,99.96435364674596,-8.382270959709505,8.817917312963544,6.771387906475578,True,-0.007703628138775898,True,2,True
2012-05-01,Chemicals and Chemical Products,102.9,100.52679852877219,2.045151551707913,0.3280499195198985,0.2350704495731911,False,0.08681133151746656,False,0,False
2012-06-01,Chemicals and Chemical Products,102.6,101.08830265591389,1.156961401878216,0.3547359422078813,0.2556159195867108,False,0.06481611025949685,False,0,False
2012-07-01,Chemicals and Chemical Products,104.9,101.64806891196704,4.528541890780557,-1.276610802747598,-1.0003518963002553,False,0.0635029746852026,False,0,False
2012-08-01,Chemicals and Chemical Products,106.5,102.20504494705877,4.332359936882357,-0.037404883941121625,-0.046291849844560425,False,0.08993124321714602,False,0,False
2012-09-01,Chemicals and Chemical Products,102.6,102.75868141640076,-0.2444204996533622,0.08573908325259083,0.048516234331415393,False,0.026330235433498994,False,0,False
2012-10-01,Chemicals and Chemical Products,106.2,103.30862922274869,2.4200910528889326,0.4712797243623754,0.3453425457502865,False,0.08707578388801751,False,0,False
2012-11-01,Chemicals and Chemical Products,98.7,103.85454184147336,-4.300724220661725,-0.8538176208116397,-0.6748449916951904,False,0.018253187148392747,False,0,False
2012-12-01,Chemicals and Chemical Products,105.5,104.39605785267207,1.8403483111261139,-0.7364061637981933,-0.5844503458718655,False,0.05927507513949859,False,0,False
2013-01-01,Chemicals and Chemical Products,106.2,104.93376833087723,0.9168322436514263,0.34939942547134706,0.2515073551194969,False,0.09523885801062282,False,0,False
2013-02-01,Chemicals and Chemical Products,101.0,105.47036132924381,-6.7788011212402735,2.308439791996463,1.7597652763660925,False,0.05880855636073268,False,0,False
2013-03-01,Chemicals and Chemical Products,109.7,106.01037673290557,2.501061907337652,1.1885613597567755,0.8975750197892264,False,0.08610616347222,False,0,False
2013-04-01,Chemicals and Chemical Products,99.1,106.48042748242632,-7.6244064627345844,0.24397898030825615,0.17034454490104,False,0.07498982598090331,False,0,False
2013-05-01,Chemicals and Chemical Products,107.7,106.90264010170019,1.4492735333296967,-0.6519136350298851,-0.5193998609617461,False,0.11908133591535919,False,0,False
2013-06-01,Chemicals and Chemical Products,107.9,107.26418114830665,1.0493927880563332,-0.41357393636297957,-0.3359030098480974,False,0.10940598889240888,False,0,False
2013-07-01,Chemicals and Chemical Products,114.3,107.56842107192342,4.87019400782691,1.8613849202496624,1.4155793866490782,False,0.10649416288728619,False,0,False
2013-08-01,Chemicals and Chemical Products,112.4,107.82956556970296,3.383601302854649,1.186833127442398,0.8962444601323379,False,0.11210621758922351,False,0,False
2013-09-01,Chemicals and Chemical Products,115.2,108.05755080528814,0.3586857822012739,6.783763412510581,5.205300353703598,True,0.002725869188958896,False,1,True
2013-10-01,Chemicals and Chemical Products,109.8,108.25588784847153,2.0980577703420384,-0.5539456188135716,-0.44397464818312243,False,0.10406348717179686,False,0,False
2013-11-01,Chemicals and Chemical Products,105.0,108.4310242183603,-3.9925726647463935,0.5615484463860838,0.4148401004507857,False,0.08871975893819145,False,0,False
2013-12-01,Chemicals and Chemical Products,112.6,108.59485189218519,1.5623590530177403,2.4427890547970605,1.8632002761216444,False,0.07285120820423041,False,0,False
2014-01-01,Chemicals and Chemical Products,109.7,108.75329684748598,0.6293565420315332,0.31734661048248824,0.22683001159392738,False,0.12082423574277107,False,0,False
2014-02-01,Chemicals and Chemical Products,100.1,108.90011616711807,-7.119851490828601,-1.6802646762894824,-1.3111235182711256,False,0.06093803537940268,False,0,False
2014-03-01,Chemicals and Chemical Products,111.7,109.03005171057323,3.562726410638498,-0.8927781212117338,-0.7048405366304917,False,0.10263698647860964,False,0,False
2014-04-01,Chemicals and Chemical Products,101.3,109.15172645435946,-6.939912603842513,-0.9118138505169497,-0.719496074107866,False,0.09262575594163447,False,0,False
2014-05-01,Chemicals and Chemical Products,110.9,109.27561761892002,0.8081633986691583,0.816218982410831,0.6109100027513501,False,0.13145652266621205,False,0,False
2014-06-01,Chemicals and Chemical Products,110.9,109.40880869645022,0.953095624291586,0.5380956792581912,0.3967839019159189,False,0.12062001839131348,False,0,False
2014-07-01,Chemicals and Chemical Products,114.8,109.56098924984927,5.079823274074249,0.15918747607648243,0.10506387988910373,False,0.1297412222509332,False,0,False
2014-08-01,Chemicals and Chemical Products,111.4,109.73827858968804,2.5710390371367637,-0.9093176268247873,-0.717574240734118,False,0.11929723653097718,False,0,False
2014-09-01,Chemicals and Chemical Products,110.4,109.94279553949151,0.9146508326433554,-0.45744637213486783,-0.36968023563069063,False,0.09236688591029374,False,0,False
2014-10-01,Chemicals and Chemical Products,104.6,110.17683226710348,1.7457717536929018,-7.3226040207963905,-5.655139678493909,True,-0.006274095931770196,True,2,True
2014-11-01,Chemicals and Chemical Products,109.2,110.42918494530029,-3.8317651693925576,2.6025802240922644,1.9862229054420584,False,0.07981682722197708,False,0,False
2014-12-01,Chemicals and Chemical Products,111.7,110.69702269094057,1.3238275743085097,-0.3208502652490779,-0.26451539893701137,False,0.11275206754040806,False,0,False
2015-01-01,Chemicals and Chemical Products,110.8,110.9747477480813,0.4368550554866842,-0.6116028035679903,-0.4883647011440427,False,0.11841928081338948,False,0,False
2015-02-01,Chemicals and Chemical Products,102.0,111.25723362822784,-7.288519008928378,-1.9687146192994618,-1.533200060879393,False,0.0692763132087243,False,0,False
2015-03-01,Chemicals and Chemical Products,112.0,111.54500644853367,4.694018419070322,-4.2390248676039874,-3.2811035110601505,False,0.06655544818504011,False,0,False
2015-04-01,Chemicals and Chemical Products,107.6,111.84227823197057,-6.390295805472408,2.148017573501832,1.6362568046046573,False,0.09848459527000686,False,0,False
2015-05-01,Chemicals and Chemical Products,112.1,112.15318207112371,0.19199417727198106,-0.24517624839569407,-0.20625425368347317,False,0.13688630010519764,False,0,False
2015-06-01,Chemicals and Chemical Products,112.6,112.46894670836654,1.0006416300991694,-0.8695883384657179,-0.6869868087970495,False,0.12204853761922668,False,0,False
2015-07-01,Chemicals and Chemical Products,120.6,112.78576236227559,4.936355329866004,2.8778823078583997,2.1981769599225607,False,0.1005201923144366,False,0,False
2015-08-01,Chemicals and Chemical Products,112.2,113.11210004740249,1.7898587186953918,-2.7019587660978743,-2.097722013317798,False,0.10121285858425433,False,0,False
2015-09-01,Chemicals and Chemical Products,116.7,113.45175616126996,1.4946532465993467,1.7535905921307062,1.3325889327365574,False,0.10465594143657708,False,0,False
2015-10-01,Chemicals and Chemical Products,115.6,113.79788877497168,1.4783273428124168,0.32378388221589205,0.2317860432556663,False,0.13476886728897253,False,0,False
2015-11-01,Chemicals and Chemical Products,106.1,114.13250422008828,-3.692207117015063,-4.340297103073226,-3.3590726300016676,False,0.057762217614772515,False,0,False
2015-12-01,Chemicals and Chemical Products,115.2,114.4363406141038,1.0758984727402696,-0.312239086844059,-0.25788568458167377,False,0.11724599783144829,False,0,False
2016-01-01,Chemicals and Chemical Products,114.4,114.70390334116229,0.40634047497882386,-0.7102438161411015,-0.5643080513247611,False,0.1219673997092442,False,0,False
2016-02-01,Chemicals and Chemical Products,110.8,114.94350652593391,-7.046556014837099,2.9030494889031786,2.2175530793812754,False,0.10062471186195254,False,0,False
2016-03-01,Chemicals and Chemical Products,120.4,115.15816451617182,5.8705743409259945,-0.6287388570978152,-0.5015576852789781,False,0.11767537847654297,False,0,False
2016-04-01,Chemicals and Chemical Products,109.6,115.33217143343497,-5.909307984981771,0.17713655154679486,0.11888280660431526,False,0.13491995111773936,False,0,False
2016-05-01,Chemicals and Chemical Products,119.8,115.46963146021184,-0.047282420155121845,4.377650959943281,3.352843289517741,False,0.07877457522389592,False,0,False
2016-06-01,Chemicals and Chemical Products,117.4,115.58191046567997,0.4773395747378015,1.34074995958224,1.0147444590373493,False,0.10442247394062454,False,0,False
2016-07-01,Chemicals and Chemical Products,119.1,115.66178327481039,3.320483427760303,0.11773329742929661,0.07314846130878531,False,0.13555923426056116,False,0,False
2016-08-01,Chemicals and Chemical Products,119.5,115.70435747113007,1.5273686749590356,2.268273853910898,1.728841669422092,False,0.10735073832611652,False,0,False
2016-09-01,Chemicals and Chemical Products,116.9,115.70703744748967,1.883885839834203,-0.6909232873238693,-0.5494332477580782,False,0.12389920028281254,False,0,False
2016-10-01,Chemicals and Chemical Products,117.1,115.66912659995818,1.1950111206013339,0.23586227944048233,0.16409552696991714,False,0.14370082487098423,False,0,False
2016-11-01,Chemicals and Chemical Products,111.1,115.6022625865291,-4.590232706281228,0.08797011975212854,0.05023390106790369,False,0.12639679268138238,False,0,False
2016-12-01,Chemicals and Chemical Products,112.8,115.54902662813508,1.4540947828117319,-4.203121410946821,-3.253461572778216,False,0.049345986856088264,False,0,False
2017-01-01,Chemicals and Chemical Products,116.2,115.53590213430039,1.3083042752289682,-0.644206409529346,-0.5134660965990234,False,0.1287499745307299,False,0,False
2017-02-01,Chemicals and Chemical Products,114.2,115.5493291735393,-6.531718133812202,5.1823889602729025,3.9724080949526654,True,0.07790263027134814,False,1,True
2017-03-01,Chemicals and Chemical Products,124.7,115.59163515753751,7.650695790784689,1.4576690516777973,1.1047600349342759,False,0.11264903190564801,False,0,False
2017-04-01,Chemicals and Chemical Products,108.6,115.66294469060033,-5.520013571198087,-1.5429311194022404,-1.20539092155309,False,0.11291045308893344,False,0,False
2017-05-01,Chemicals and Chemical Products,113.6,115.75555833117073,-0.08476770168322859,-2.0707906294875045,-1.6117880029994667,False,0.11303045572897596,False,0,False
2017-06-01,Chemicals and Chemical Products,110.2,115.86558111496379,-0.48602438500743594,-5.179556729956346,-4.005215507840473,True,0.06139947072692742,False,1,True
2017-07-01,Chemicals and Chemical Products,111.7,115.99759079709499,0.7668170124501739,-5.064407809545159,-3.9165627805660352,True,0.07007372032486725,False,1,True
2017-08-01,Chemicals and Chemical Products,117.1,116.15997892209431,1.4960346013868642,-0.5560135234811838,-0.4455667203265062,False,0.13508845721514184,False,0,False
2017-09-01,Chemicals and Chemical Products,118.5,116.35926894076523,1.5802871763219015,0.560443882912864,0.41398970112442646,False,0.12673068930344988,False,0,False
2017-10-01,Chemicals and Chemical Products,116.9,116.58407227229897,0.0995459122698063,0.2163818154312338,0.14909758989135433,False,0.14396361269877417,False,0,False
2017-11-01,Chemicals and Chemical Products,119.1,116.82071765181709,-2.9718725874930723,5.25115493567597,4.025350764683302,True,0.04349274612901188,False,1,True
2017-12-01,Chemicals and Chemical Products,119.0,117.06782657023383,1.9333842871705953,-0.0012108574044304987,-0.018426202888748192,False,0.11946770032023396,False,0,False
2018-01-01,Chemicals and Chemical Products,120.1,117.31686744623035,2.5362305798751863,0.24690197389446666,0.1725949468353171,False,0.1386385217931752,False,0,False
2018-02-01,Chemicals and Chemical Products,110.9,117.55358859203747,-6.599245773943132,-0.05434281809434083,-0.05933230260534767,False,0.1264524169564381,False,0,False
2018-03-01,Chemicals and Chemical Products,126.9,117.76654867677678,9.001034596609028,0.13241672661419557,0.08445317904590366,False,0.12401987792289737,False,0,False
2018-04-01,Chemicals and Chemical Products,112.9,117.96563708350496,-4.907377527283028,-0.15825955622192112,-0.139337414347399,False,0.13627774336370652,False,0,False
2018-05-01,Chemicals and Chemical Products,119.9,118.15410209169661,-0.17375529224021832,1.9196532005436069,1.460439919802177,False,0.10817911703237731,False,0,False
2018-06-01,Chemicals and Chemical Products,116.5,118.33547970621608,-1.6990791423608,-0.13640056385527544,-0.12250825709734112,False,0.13701233047830658,False,0,False
2018-07-01,Chemicals and Chemical Products,116.4,118.51070358108848,-0.20119887784873128,-1.9095047032397474,-1.487614565838362,False,0.1186171968059841,False,0,False
2018-08-01,Chemicals and Chemical Products,126.0,118.67363542030824,0.922896088163798,6.40346849152796,4.912512702778728,True,0.033330037133272206,False,1,True
2018-09-01,Chemicals and Chemical Products,120.3,118.82020713258193,1.2936093430499465,0.18618352436811847,0.1258480374664375,False,0.1261236282467798,False,0,False
2018-10-01,Chemicals and Chemical Products,118.0,118.95380104088102,-1.3266301598061603,0.37282911892513937,0.26954578931814654,False,0.1381209438205877,False,0,False
2018-11-01,Chemicals and Chemical Products,110.9,119.07429360758863,-1.8571834000152705,-6.31711020757335,-4.881013716379053,True,0.03249302526090636,False,1,True
2018-12-01,Chemicals and Chemical Products,122.4,119.17609068166676,2.679292577826958,0.5446167405062852,0.4018044428146333,False,0.12382670280196245,False,0,False
2019-01-01,Chemicals and Chemical Products,123.7,119.25447504956273,3.9075599788179507,0.5379649716193171,0.3966832705889345,False,0.1397277900726121,False,0,False
2019-02-01,Chemicals and Chemical Products,111.6,119.31177651044484,-6.60620295819857,-1.105573552246284,-0.8686709507185054,False,0.11928454284343021,False,0,False
2019-03-01,Chemicals and Chemical Products,128.9,119.35878951499069,8.302395785343366,1.2388146996659515,0.9362648800301132,False,0.10845170456647796,False,0,False
2019-04-01,Chemicals and Chemical Products,116.1,119.40953910919264,-4.503352325561979,1.1938132163693354,0.9016184047406018,False,0.12116245959774119,False,0,False
2019-05-01,Chemicals and Chemical Products,118.9,119.4601871494269,0.05273610967932604,-0.6129232591062248,-0.4893813149715202,False,0.12603057998943595,False,0,False
2019-06-01,Chemicals and Chemical Products,116.0,119.51100785713561,-3.2245627128573404,-0.28644514427827517,-0.23802702374967177,False,0.13522815349142053,False,0,False
2019-07-01,Chemicals and Chemical Products,124.6,119.56892221142608,-0.6751068946776465,5.70618468325155,4.375676481759285,True,0.054338630350173056,False,1,True
2019-08-01,Chemicals and Chemical Products,120.3,119.64113209450679,0.40473427256492667,0.25413363292828706,0.17816257433697036,False,0.1387552654897718,False,0,False
2019-09-01,Chemicals and Chemical Products,118.8,119.74547385572224,1.20297861182358,-2.148452467545823,-1.6715795644351292,False,0.10231805415316109,False,0,False
2019-10-01,Chemicals and Chemical Products,116.2,119.87777910183952,-0.9721833401977495,-2.7055957616417743,-2.100522122714398,False,0.09790831518440363,False,0,False
2019-11-01,Chemicals and Chemical Products,120.2,120.01999985276207,0.3546659189174064,-0.1746657716794715,-0.1519684988540548,False,0.140798226338459,False,0,False
2019-12-01,Chemicals and Chemical Products,123.0,120.18387840751808,2.403713625489311,0.4124079669926033,0.3000173978319891,False,0.1276121253479633,False,0,False
2020-01-01,Chemicals and Chemical Products,124.9,120.37875511952763,3.2850083104083923,1.2362365700639941,0.934279987599821,False,0.12061771562508133,False,0,False
2020-02-01,Chemicals and Chemical Products,121.7,120.61066698511688,-5.67577275874369,6.765105773626814,5.1909359066411245,True,0.04870855879905067,False,1,True
2020-03-01,Chemicals and Chemical Products,101.1,120.87245023168373,6.711393296422974,-26.483843528106704,-20.407306995528863,True,-0.08367910780206345,True,2,True
2020-04-01,Chemicals and Chemical Products,53.0,121.15332465101469,-4.347154310819958,-63.806170340194726,-49.14162815376737,True,-0.21818143329159456,True,2,True
2020-05-01,Chemicals and Chemical Products,95.9,121.44485545784329,1.402373229096861,-26.94722868694015,-20.764065512781038,True,-0.08025383549906961,True,2,True
2020-06-01,Chemicals and Chemical Products,117.3,121.72397415288978,-4.470630009463559,0.046655856573778465,0.018426202888748192,False,0.1321142140766715,False,0,False
2020-07-01,Chemicals and Chemical Products,122.2,121.96956334417679,1.2335150199045404,-1.0030783640813326,-0.7897602850267853,False,0.11958792623390485,False,0,False
2020-08-01,Chemicals and Chemical Products,118.9,122.1721457300899,0.5142381677668113,-3.7863838978566946,-2.9326169051853337,False,0.08750249427377493,False,0,False
2020-09-01,Chemicals and Chemical Products,125.5,122.34047918145028,1.1139062450424444,2.0456145735072795,1.5574171142438313,False,0.08611381812841312,False,0,False
2020-10-01,Chemicals and Chemical Products,128.0,122.50392656764937,-0.21158753089722435,5.7076609632478466,4.376813064259799,True,0.024111549338182492,False,1,True
2020-11-01,Chemicals and Chemical Products,120.4,122.68077532939019,-2.356081449766079,0.0753061203758989,0.04048393485983606,False,0.14211716223668214,False,0,False
2020-12-01,Chemicals and Chemical Products,131.8,122.86329841438517,1.7507102518042952,7.1859913338105486,5.514974140325622,True,-0.02606396836970215,True,2,True
2021-01-01,Chemicals and Chemical Products,131.6,123.04615201882285,2.1872834327335484,6.366564548443591,4.884100493702627,True,0.005806303104027299,False,1,True
2021-02-01,Chemicals and Chemical Products,119.0,123.22581575481966,-5.446292796747414,1.2204770419277509,0.9221467852662933,False,0.1200565231851104,False,0,False
2021-03-01,Chemicals and Chemical Products,127.9,123.40061836733864,4.805149555047384,-0.3057679223860106,-0.25290355903678097,False,0.12442311594857908,False,0,False
2021-04-01,Chemicals and Chemical Products,118.1,123.55784352078086,-4.262411666041612,-1.1954318547392546,-0.9378525249426208,False,0.11514754482469747,False,0,False
2021-05-01,Chemicals and Chemical Products,109.1,123.6804093953924,2.946633695229671,-17.527043090622072,-13.511499517695572,True,-0.012399851763905012,True,2,True
2021-06-01,Chemicals and Chemical Products,116.3,123.77518062302323,-1.823328327324657,-5.651852295698575,-4.368834114364591,True,0.060795204601953534,False,1,True
2021-07-01,Chemicals and Chemical Products,128.0,123.8798699044301,3.399768891214772,0.7203612043551288,0.5371094545155528,False,0.1073619640397534,False,0,False
2021-08-01,Chemicals and Chemical Products,124.8,124.02176268708291,0.5123972470609716,0.26584006585611064,0.18717531368355672,False,0.12905194494375244,False,0,False
2021-09-01,Chemicals and Chemical Products,124.3,124.2014284323507,1.4171070084734323,-1.3185354408241352,-1.0326295198524922,False,0.10748516647163509,False,0,False
2021-10-01,Chemicals and Chemical Products,125.9,124.42439306106276,0.04054308409759115,1.4350638548396546,1.0873563776258035,False,0.10000275537838538,False,0,False
2021-11-01,Chemicals and Chemical Products,118.1,124.72362717718502,-4.290128319391072,-2.3334988577939555,-1.814046094813413,False,0.10541622137674483,False,0,False
2021-12-01,Chemicals and Chemical Products,125.9,125.13319137317839,0.8931944821491238,-0.12638585532751279,-0.11479797009964836,False,0.11819913905107954,False,0,False
2022-01-01,Chemicals and Chemical Products,124.9,125.62672836828865,1.0208795777526407,-1.7476079460412848,-1.3629708521910313,False,0.09052738149681677,False,0,False
2022-02-01,Chemicals and Chemical Products,115.3,126.13361336905258,-5.308061633794586,-5.525551735258006,-4.271595780740938,True,0.056069194898994756,False,1,True
2022-03-01,Chemicals and Chemical Products,121.1,126.57804053759848,2.9510967301949047,-8.429137267793394,-6.5070555263874645,True,0.024750037070164654,False,1,True
2022-04-01,Chemicals and Chemical Products,123.3,126.9468926644967,-3.4237183073393567,-0.22317435715734746,-0.18931507912143797,False,0.12324758183129864,False,0,False
2022-05-01,Chemicals and Chemical Products,135.6,127.27082749441021,3.9751014884243565,4.354071017165438,3.334689178921078,False,0.029569353084161865,False,0,False
2022-06-01,Chemicals and Chemical Products,133.5,127.59459665112286,0.010375631031592164,5.895027717845551,4.521066034555411,True,7.961882480311822e-06,False,1,True
2022-07-01,Chemicals and Chemical Products,137.2,127.94732879425901,3.98946141086098,5.263209794880012,4.0346317561292615,True,-2.3885647441046487e-05,True,2,True
2022-08-01,Chemicals and Chemical Products,131.9,128.33980308255582,0.3992227640469521,3.160974153397234,2.4161283231359794,False,0.050270467181521505,False,0,False
2022-09-01,Chemicals and Chemical Products,131.2,128.7605499612614,1.0882485907227282,1.3512014480158427,1.0227910212665694,False,0.05705566574487486,False,0,False
2022-10-01,Chemicals and Chemical Products,122.1,129.1213227949455,0.0002267161828136688,-7.0215495111283275,-5.423358926707116,True,0.025545908005389695,False,1,True
2022-11-01,Chemicals and Chemical Products,124.6,129.3279996583858,-5.492755985280816,0.7647563268949966,0.5712890949046068,False,0.12038527346948052,False,0,False
2022-12-01,Chemicals and Chemical Products,129.5,129.3710330668487,0.5613221132639228,-0.43235518011260865,-0.350362619838925,False,0.10104299436859587,False,0,False
2023-01-01,Chemicals and Chemical Products,130.2,129.2932384597925,0.487223722384575,0.41953781782291344,0.3055066435748915,False,0.11276162033139336,False,0,False
2023-02-01,Chemicals and Chemical Products,122.8,129.09663817566394,-6.437616581800656,0.14097840613672474,0.09104478439497284,False,0.12265514703657249,False,0,False
2023-03-01,Chemicals and Chemical Products,130.1,128.82404683199994,1.6765515357768495,-0.40059836777678015,-0.3259131676594307,False,0.11626315638370688,False,0,False
2023-04-01,Chemicals and Chemical Products,126.6,128.5517249859198,-2.2663725674350186,0.314647581515203,0.22475203919012096,False,0.11515672448072539,False,0,False
2023-05-01,Chemicals and Chemical Products,133.8,128.29965495817578,4.964279342764152,0.5360656990600887,0.3952210276811257,False,0.08489513629105938,False,0,False
2023-06-01,Chemicals and Chemical Products,130.5,128.07387431887432,1.7922786746771862,0.6338470064484909,0.47050249402477246,False,0.08404148415543033,False,0,False
2023-07-01,Chemicals and Chemical Products,128.6,127.88946872590691,5.195146366310811,-4.484615092217723,-3.4701825152418895,False,0.057032554899295596,False,0,False
2023-08-01,Chemicals and Chemical Products,126.8,127.75448344614959,0.31849754992408014,-1.2729809960736702,-0.9975573215880169,False,0.10709184570360991,False,0,False
2023-09-01,Chemicals and Chemical Products,123.6,127.6649743176448,0.7176039253069524,-4.782578242951757,-3.6995832412368017,True,0.05080432347343056,False,1,True
2023-10-01,Chemicals and Chemical Products,126.5,127.61102566830843,-0.2581282551158916,-0.8528974131925366,-0.674136527258,False,0.10245707609479882,False,0,False
2023-11-01,Chemicals and Chemical Products,119.5,127.58107701435402,-6.584942980829708,-1.4961340335243136,-1.1693620184877405,False,0.1182504191643381,False,0,False
2023-12-01,Chemicals and Chemical Products,127.5,127.57156107925258,0.38453727880938393,-0.45609835806196486,-0.36864240458945785,False,0.11026017802132954,False,0,False
2024-01-01,Chemicals and Chemical Products,127.6,127.59316301927835,0.2198159195924828,-0.2129789388708332,-0.18146566434989178,False,0.12563363473600864,False,0,False
2024-02-01,Chemicals and Chemical Products,125.4,127.66998166651743,-7.6231813498068925,5.353199683289461,4.103914637863035,True,0.06492877806447095,False,1,True
2024-03-01,Chemicals and Chemical Products,132.3,127.82629843932655,0.29490655736795535,4.1787950033054955,3.199744825131318,False,0.025511271211395514,False,0,False
2024-04-01,Chemicals and Chemical Products,127.0,128.05839217407865,-0.9945588525777154,-0.06383332150093679,-0.06663900602208538,False,0.11595685259966443,False,0,False
2024-05-01,Chemicals and Chemical Products,133.2,128.35158869991585,5.576548001525477,-0.7281367014413433,-0.5780837174361825,False,0.07772682617016519,False,0,False
2024-06-01,Chemicals and Chemical Products,131.7,128.6362978873317,3.592825487039155,-0.5291233743708688,-0.42486409413658544,False,0.07740172936956596,False,0,False
2024-07-01,Chemicals and Chemical Products,135.2,128.9164090216447,6.338069927655227,-0.054478949299948454,-0.05943710951626944,False,0.05927612585994935,False,0,False
2024-08-01,Chemicals and Chemical Products,129.5,129.19525433737996,0.1514032511716908,0.15334241144833527,0.10056378628396861,False,0.10726639423592271,False,0,False
2024-09-01,Chemicals and Chemical Products,129.4,129.47462759217967,0.33080448965692194,-0.4054320818365795,-0.3296346262083758,False,0.08444697807011131,False,0,False
2024-10-01,Chemicals and Chemical Products,129.4,129.75541953646183,-0.6295605889631884,0.27414105250136345,0.19356621255210446,False,0.10016614718358696,False,0,False
2024-11-01,Chemicals and Chemical Products,123.2,130.03812525801192,-7.59702270313278,0.7588974451208799,0.5667783635299729,False,0.12895842906327987,False,0,False
2024-12-01,Chemicals and Chemical Products,131.0,130.32276050008184,0.3159584557043683,0.36128104421379703,0.2606549693758172,False,0.08841080097540999,False,0,False
2025-01-01,Chemicals and Chemical Products,130.7,130.60885245624348,0.09427416161640233,-0.003126617859891212,-0.019901139766789578,False,0.11276166507418534,False,0,False
2025-02-01,Chemicals and Chemical Products,121.9,130.8957133487441,-8.80172091258406,-0.1939924361600447,-0.1668480262452154,False,0.12391115181605822,False,0,False
2025-03-01,Chemicals and Chemical Products,129.8,131.18270465198017,-1.0394980056171004,-0.34320664636305764,-0.28172749394114743,False,0.11942306107253181,False,0,False
2012-04-01,Motor Vehicles,110.4,100.66761325852084,7.448899844472962,2.283486897006199,0.7955747800044851,False,0.13438613580992959,False,0,False
2012-05-01,Motor Vehicles,106.4,100.54414798891055,5.446961729590544,0.4088902814989126,0.12845375225757155,False,0.14692083584901272,False,0,False
2012-06-01,Motor Vehicles,96.4,100.42469112993878,-3.3334558353479427,-0.6912352945908253,-0.26305282515777567,False,0.13162623152485614,False,0,False
2012-07-01,Motor Vehicles,96.9,100.30745758343518,-1.9965318866302648,-1.4109256968049095,-0.5191722466978191,False,0.12835980003423336,False,0,False
2012-08-01,Motor Vehicles,94.5,100.19087489257797,-4.350820977779405,-1.3400539147985597,-0.49395079070071823,False,0.13048546870509636,False,0,False
2012-09-01,Motor Vehicles,100.6,100.07412893998627,0.4436220118280147,0.08224904818571588,0.012210485055549785,False,0.1286156406517624,False,0,False
2012-10-01,Motor Vehicles,102.9,99.9573366396659,1.171387298666184,1.771276061667919,0.6132920339100626,False,0.13346406285652634,False,0,False
2012-11-01,Motor Vehicles,89.4,99.84110595532003,-8.522615597628127,-1.9184903576918941,-0.6998015380439512,False,0.07737202183182657,False,0,False
2012-12-01,Motor Vehicles,95.5,99.72623071753863,-4.447327547576882,0.22109683003824898,0.06162286218436206,False,0.12704452686763207,False,0,False
2013-01-01,Motor Vehicles,101.7,99.6159188247507,1.8667498119153683,0.21733136333394043,0.06028282881561231,False,0.15111438651419135,False,0,False
2013-02-01,Motor Vehicles,98.6,99.51945636179477,-0.20780928853245637,-0.7116470732623128,-0.2703168555378691,False,0.1351814977016919,False,0,False
2013-03-01,Motor Vehicles,108.1,99.45845575118977,8.269630102827474,0.37191414598274264,0.11529489059976304,False,0.12765928141794736,False,0,False
2013-04-01,Motor Vehicles,102.0,99.38459744639857,3.9411601307568525,-1.3257575771554286,-0.4888630894947062,False,0.15158803407418342,False,0,False
2013-05-01,Motor Vehicles,104.2,99.3050602750414,3.486685524919057,1.4082542000395506,0.48410183084412006,False,0.14502178765714463,False,0,False
2013-06-01,Motor Vehicles,98.0,99.22093396006323,-2.726401567949959,1.5054676078867288,0.5186975982840605,False,0.13008387529758936,False,0,False
2013-07-01,Motor Vehicles,99.2,99.134779096976,-0.165250182445363,0.23047108546936101,0.06495892012121757,False,0.13817125865230573,False,0,False
2013-08-01,Motor Vehicles,96.7,99.04689143830603,-2.8169674519915553,0.470076013685528,0.1502281906632103,False,0.1311965078036912,False,0,False
2013-09-01,Motor Vehicles,97.9,98.9612127823277,0.8439006590111879,-1.9051134413388837,-0.6950410353781071,False,0.11292973936445982,False,0,False
2013-10-01,Motor Vehicles,98.4,98.89478401410514,0.050700265956795186,-0.5454842800619275,-0.21118376394037813,False,0.13801937689819577,False,0,False
2013-11-01,Motor Vehicles,93.9,98.88275619932826,-5.3793954863648334,0.396639287036578,0.1240939364182462,False,0.12258514934320236,False,0,False
2013-12-01,Motor Vehicles,93.1,98.94384765837515,-4.976497675902102,-0.8673499824730584,-0.32572754173914975,False,0.10386363811269467,False,0,False
2014-01-01,Motor Vehicles,100.0,99.06974383966008,0.7232409946597099,0.20701516568021816,0.05661155771426707,False,0.14072845932971406,False,0,False
2014-02-01,Motor Vehicles,99.3,99.27147935009344,0.19304178492136523,-0.1645211350148088,-0.07560871661812799,False,0.13516142216223537,False,0,False
2014-03-01,Motor Vehicles,106.0,99.54944081902389,8.4306870067612,-1.9801278257850896,-0.7217367377140534,False,0.12182329430757821,False,0,False
2014-04-01,Motor Vehicles,98.4,99.88813135772854,0.6860141358653724,-2.1741454935939117,-0.7907826673177696,False,0.13968941216518638,False,0,False
2014-05-01,Motor Vehicles,99.0,100.26997687920935,1.7993563355543751,-3.0693332147637307,-1.1093570996158983,False,0.13153184573044607,False,0,False
2014-06-01,Motor Vehicles,97.3,100.68517261790568,-2.105892924107876,-1.279279693797804,-0.47232279860943266,False,0.13591427291338248,False,0,False
2014-07-01,Motor Vehicles,103.7,101.10521241009529,1.3717843368013547,1.2230032531033572,0.41817575315421723,False,0.13794594963787415,False,0,False
2014-08-01,Motor Vehicles,103.0,101.5007875381785,-1.352047895702894,2.8512603575243958,0.9976308444265479,False,0.12127144410314616,False,0,False
2014-09-01,Motor Vehicles,106.5,101.87299527365269,1.1437493363738387,3.483255389973465,1.2225417250344661,False,0.09828441750371375,False,0,False
2014-10-01,Motor Vehicles,95.0,102.23496693972658,-0.8820823889030711,-6.352884550823504,-2.2778891047689998,False,0.07858362202205638,False,0,False
2014-11-01,Motor Vehicles,105.0,102.5680520886879,-2.5241316820070216,4.956079593319117,1.7466822191004876,False,0.07759844186406972,False,0,False
2014-12-01,Motor Vehicles,97.1,102.8517210570431,-5.580388212728668,-0.17133284431443485,-0.07803282987592879,False,0.1431126567966804,False,0,False
2015-01-01,Motor Vehicles,102.6,103.06647974529845,-0.23757617831610126,-0.22890356698235337,-0.09852077878005133,False,0.14605411394987633,False,0,False
2015-02-01,Motor Vehicles,105.6,103.19900387142813,0.5362401396468782,1.8647559889249834,0.6465591510218491,False,0.1378492455888301,False,0,False
2015-03-01,Motor Vehicles,117.8,103.24833599470448,8.597228205305564,5.954435799989952,2.1019716787859375,False,0.07297896034679385,False,0,False
2015-04-01,Motor Vehicles,98.9,103.21792928856502,-2.2401768571310385,-2.0777524314339786,-0.7564788399429374,False,0.14504135992467693,False,0,False
2015-05-01,Motor Vehicles,100.8,103.12028869705063,0.19636898633262426,-2.516657683383258,-0.9126740023270781,False,0.140757128091835,False,0,False
2015-06-01,Motor Vehicles,101.4,102.96859441184624,-1.7957275180146126,0.227133106168381,0.06377101859432555,False,0.14413191117454532,False,0,False
2015-07-01,Motor Vehicles,109.6,102.7895441446013,2.4976216252508627,4.312834230147843,1.5177676333051153,False,0.11115304855929686,False,0,False
2015-08-01,Motor Vehicles,101.0,102.61212098594815,-0.05661479093642802,-1.5555061950117306,-0.57062475107023,False,0.14229193862788508,False,0,False
2015-09-01,Motor Vehicles,103.2,102.45194071173077,1.474128063849263,-0.7260687755800319,-0.27544917082771253,False,0.12394223196061532,False,0,False
2015-10-01,Motor Vehicles,100.6,102.31406075679375,-2.0382181434643636,0.32415738667060623,0.09829948044558814,False,0.14742429481445057,False,0,False
2015-11-01,Motor Vehicles,91.8,102.1875960782239,0.2865572006333736,-10.674153278857275,-3.8157182095315556,True,0.032909852016591135,False,1,True
2015-12-01,Motor Vehicles,98.3,102.07326588864724,-6.367196974647658,2.59393108600041,0.9060539330695463,False,0.11591325077357478,False,0,False
2016-01-01,Motor Vehicles,98.5,101.97823627281493,-1.2002345233044547,-2.278001749510466,-0.8277424546191293,False,0.12129427976885737,False,0,False
2016-02-01,Motor Vehicles,101.9,101.88457145615601,0.6655237007299223,-0.650095156885925,-0.24841210153739526,False,0.14564620853516053,False,0,False
2016-03-01,Motor Vehicles,106.8,101.76560104412751,8.826896657983111,-3.792497702110623,-1.3667128592700228,False,0.10827263303937479,False,0,False
2016-04-01,Motor Vehicles,99.8,101.63365921014129,-3.0353767475210973,1.2017175373798068,0.4106007109118728,False,0.13666919257315635,False,0,False
2016-05-01,Motor Vehicles,104.1,101.52490593099061,0.4885895658629647,2.086504503146415,0.7254737801665946,False,0.13248913028178322,False,0,False
2016-06-01,Motor Vehicles,101.5,101.45976432854587,-2.050003305491062,2.0902389769451872,0.7268027839523272,False,0.13198930415053967,False,0,False
2016-07-01,Motor Vehicles,102.0,101.43021680350407,1.9925923204267417,-1.4228091239308043,-0.5234012547157586,False,0.14446106561496075,False,0,False
2016-08-01,Motor Vehicles,101.3,101.4340291669512,0.30433103403851125,-0.4383602009897203,-0.17306104189131832,False,0.14313174859211164,False,0,False
2016-09-01,Motor Vehicles,101.3,101.47750853893702,0.9640122630278747,-1.1415208019648873,-0.4232979296106259,False,0.12867287932113453,False,0,False
2016-10-01,Motor Vehicles,100.9,101.59203521365183,-1.7702781120401472,1.078242898388325,0.36665924244699694,False,0.14648944274076303,False,0,False
2016-11-01,Motor Vehicles,102.0,101.85034482184581,0.7053761206965117,-0.5557209425423224,-0.21482673050615916,False,0.14246544095569197,False,0,False
2016-12-01,Motor Vehicles,90.9,102.32565938869274,-6.945822077161803,-4.479837311530929,-1.611319460420613,False,0.04587769707166589,False,0,False
2017-01-01,Motor Vehicles,100.4,103.05738669014217,-0.32538182701229756,-2.3320048631298675,-0.8469607826376931,False,0.13229506482524322,False,0,False
2017-02-01,Motor Vehicles,103.0,104.03030562118128,0.7276588694810688,-1.75796449066236,-0.6426744844118142,False,0.13402987513383396,False,0,False
2017-03-01,Motor Vehicles,113.7,105.20356361814949,9.343339821817478,-0.8469034399669653,-0.31845113979875433,False,0.13912504190572988,False,0,False
2017-04-01,Motor Vehicles,99.7,106.52053257942791,-1.7314573823754826,-5.0890751970524235,-1.8281316540249792,False,0.1066210365636428,False,0,False
2017-05-01,Motor Vehicles,102.8,107.92818228074715,2.5995136964080268,-7.727695977155179,-2.7671493563375176,False,0.08059673146536589,False,0,False
2017-06-01,Motor Vehicles,102.1,109.39068532255261,-1.8129214057572585,-5.477763916795354,-1.9664560359445347,False,0.09757466906870038,False,0,False
2017-07-01,Motor Vehicles,109.4,110.88949526872126,1.6394436077766676,-3.1289388764979265,-1.1305692313282405,False,0.12427694984694171,False,0,False
2017-08-01,Motor Vehicles,114.9,112.42088374994873,-2.0093959310482634,4.488512181099537,1.5802869263742811,False,0.1121241536867097,False,0,False
2017-09-01,Motor Vehicles,116.3,113.9934639227585,-1.2322567048995112,3.538792782141016,1.2423060635778673,False,0.0968395829118231,False,0,False
2017-10-01,Motor Vehicles,113.9,115.57940030844014,-3.616989240169387,1.9375889317292518,0.6724785340269588,False,0.11475448015614409,False,0,False
2017-11-01,Motor Vehicles,120.4,117.14477892166568,-0.6153545302913044,3.8705756086256287,1.360379092389612,False,0.08441040550564033,False,0,False
2017-12-01,Motor Vehicles,112.7,118.64232892431123,-7.316506070549066,1.374177146237841,0.4719746782787499,False,0.11758766666139464,False,0,False
2018-01-01,Motor Vehicles,123.8,119.96622880445817,1.9606031529256596,1.8731680426161716,0.6495527859497608,False,0.11275951673383272,False,0,False
2018-02-01,Motor Vehicles,123.6,120.90804688815932,0.9511170530180242,1.7408360588226515,0.602459214830605,False,0.11817240131735524,False,0,False
2018-03-01,Motor Vehicles,134.4,121.28844543036104,11.198733228871237,1.912821340767735,0.6636643813711934,False,0.0833067820519916,False,0,False
2018-04-01,Motor Vehicles,122.6,121.17773139945004,0.7191820290881213,0.7030865714618386,0.23315069329322197,False,0.12042999527365367,False,0,False
2018-05-01,Motor Vehicles,126.5,120.81632189154422,4.898264773843569,0.7854133346122154,0.26244868433280016,False,0.12219088780679782,False,0,False
2018-06-01,Motor Vehicles,123.7,120.37007203004933,-2.2180078869747724,5.547935856925449,1.9573087376748082,False,0.057164767432548724,False,0,False
2018-07-01,Motor Vehicles,125.5,119.89686728455844,1.9780233833543845,3.6251093320871774,1.273023917773965,False,0.10610146285481303,False,0,False
2018-08-01,Motor Vehicles,128.0,119.3606992342571,-5.375616624649117,14.014917390392029,4.970491080902189,True,0.010336046578511171,False,1,True
2018-09-01,Motor Vehicles,128.3,118.72012662500659,-2.9647680225510435,12.544641397544481,4.447257429829667,True,0.009329098934351854,False,1,True
2018-10-01,Motor Vehicles,132.1,117.96905990479453,-6.880903440166935,21.011843535372407,7.460518280511425,True,-0.027703022585490844,True,2,True
2018-11-01,Motor Vehicles,112.7,117.10104488786578,-2.005207289464826,-2.3958375984009592,-0.8696772217935504,False,0.11117716890772261,False,0,False
2018-12-01,Motor Vehicles,109.3,116.11955219315855,-6.229392364411432,-0.5901598287471188,-0.22708264997669844,False,0.12802873680534926,False,0,False
2019-01-01,Motor Vehicles,120.7,115.02795058968317,4.301853781902422,1.3701956284144075,0.470557757838166,False,0.12332619494886277,False,0,False
2019-02-01,Motor Vehicles,117.1,113.81617925194412,1.1633728600841104,2.120447887971764,0.7375533633593595,False,0.1267139499356637,False,0,False
2019-03-01,Motor Vehicles,125.6,112.48556921800441,12.205694688090473,0.9087360939051052,0.30633610269442696,False,0.11689639962367987,False,0,False
2019-04-01,Motor Vehicles,116.5,111.11289127249871,1.6742501156296437,3.7128586118716385,1.3042516439042715,False,0.10808458353271105,False,0,False
2019-05-01,Motor Vehicles,118.4,109.77918995407862,8.887224601004426,-0.26641455508303125,-0.11186998080384492,False,0.1280321871218299,False,0,False
2019-06-01,Motor Vehicles,105.5,108.48359192130633,-1.9200247486761817,-1.0635671726301439,-0.3955562251350084,False,0.13334424039217668,False,0,False
2019-07-01,Motor Vehicles,109.5,107.19837052357275,1.9699833116425292,0.3316461647847291,0.10096454519110956,False,0.1409351627867716,False,0,False
2019-08-01,Motor Vehicles,96.0,105.9002716513281,-8.503379473296576,-1.3968921780315213,-0.5141780760108765,False,0.13951517942728148,False,0,False
2019-09-01,Motor Vehicles,95.0,104.58321951085982,-4.414476981591438,-5.1687425292683855,-1.8564832215601554,False,0.07125019345728656,False,0,False
2019-10-01,Motor Vehicles,92.5,103.28244777550736,-7.6076966639759185,-3.1747511115314495,-1.1468726349864597,False,0.095411177976993,False,0,False
2019-11-01,Motor Vehicles,99.2,102.14240721401883,-3.541672206183026,0.5992649921641942,0.1962032465143269,False,0.14538022072585383,False,0,False
2019-12-01,Motor Vehicles,96.6,101.4549692768521,-4.67074672693329,-0.1842225499188146,-0.08261994668762856,False,0.14241386598076655,False,0,False
2020-01-01,Motor Vehicles,108.4,101.25329189447021,5.16540582496445,1.9813022805653446,0.6880349977272318,False,0.13516669568510764,False,0,False
2020-02-01,Motor Vehicles,100.0,101.38844397192656,1.7014616859243716,-3.0899056578509345,-1.1166783063555608,False,0.11774070081623156,False,0,False
2020-03-01,Motor Vehicles,64.2,101.63766876798911,12.063397685045315,-49.501066453034426,-17.633224336836605,True,-0.11563454179006416,True,2,True
2020-04-01,Motor Vehicles,0.7,101.87595132559146,1.9919996364796855,-103.16795096207115,-36.73189700778613,True,-0.18636246280297686,True,2,True
2020-05-01,Motor Vehicles,20.7,102.0888920170312,5.625577370121254,-87.01446938715246,-30.983285738137383,True,-0.1392247620145577,True,2,True
2020-06-01,Motor Vehicles,53.7,102.28984075939313,0.47289935945644207,-49.06274011884957,-17.47723519648984,True,-0.087531965679011,True,2,True
2020-07-01,Motor Vehicles,73.5,102.45692129980809,2.511169914174525,-31.468091213982618,-11.215749304985346,True,-0.059068041215467604,True,2,True
2020-08-01,Motor Vehicles,85.0,102.5807412553682,-9.193312056099629,-8.387429199268567,-3.0019315497620824,False,0.011010764810203577,False,0,False
2020-09-01,Motor Vehicles,99.5,102.70165402397382,-3.6676001050086033,0.46594608103478663,0.14875845317851816,False,0.12391491144375699,False,0,False
2020-10-01,Motor Vehicles,109.9,102.92987877763538,-7.900464067948052,14.870585290312675,5.275001418797274,True,0.016114392799996158,False,1,True
2020-11-01,Motor Vehicles,99.2,103.28427234063857,-3.923480957236011,-0.16079138340255383,-0.07428139333789528,False,0.14606952736919393,False,0,False
2020-12-01,Motor Vehicles,103.2,103.45001609665849,-4.612040600927815,4.362024504269328,1.5352731947446348,False,0.08371155257428398,False,0,False
2021-01-01,Motor Vehicles,107.8,103.31090298255234,4.047553544611781,0.4415434728358747,0.14007418856036297,False,0.14699279365308754,False,0,False
2021-02-01,Motor Vehicles,105.6,103.09214981283264,1.309133504502553,1.198716682664795,0.40953278340947724,False,0.14150574546385714,False,0,False
2021-03-01,Motor Vehicles,114.9,102.89819921601082,10.531543450514276,1.4702573334749047,0.5061671614644514,False,0.13406049562238803,False,0,False
2021-04-01,Motor Vehicles,102.2,102.75697714606595,0.6743593943688009,-1.2313365404347536,-0.45526105557607566,False,0.15153464526465976,False,0,False
2021-05-01,Motor Vehicles,59.2,102.6978343824289,4.601470482681893,-48.09930486511078,-17.134373211503327,True,-0.05169196076395144,True,2,True
2021-06-01,Motor Vehicles,87.8,102.73379034597792,1.1477317431621916,-16.081522089140122,-5.740062576890986,True,0.0007257093183600238,False,1,True
2021-07-01,Motor Vehicles,101.2,102.85004085298463,2.8640571744446217,-4.514098027429256,-1.6235119736324495,False,0.11403295640294714,False,0,False
2021-08-01,Motor Vehicles,93.5,103.01475480815743,-5.955812892314816,-3.558941915842624,-1.2835963237538301,False,0.11101708990220882,False,0,False
2021-09-01,Motor Vehicles,90.7,103.22061216562413,-0.15111202219336045,-12.36950014343077,-4.419048831877588,True,-0.0021771279550801825,True,2,True
2021-10-01,Motor Vehicles,98.2,103.49437765412765,-6.307166108007694,1.0127884538800487,0.3433656784184776,False,0.1389652049183896,False,0,False
2021-11-01,Motor Vehicles,93.3,103.89705565394601,-3.571928490866335,-7.025127163079674,-2.5171230704519294,False,0.07793794335465032,False,0,False
2021-12-01,Motor Vehicles,97.7,104.5172869440115,-5.941421341865114,-0.8758656021463906,-0.32875803315334545,False,0.13668554616936462,False,0,False
2022-01-01,Motor Vehicles,104.8,105.4385228660333,3.7809007114693647,-4.41942357750267,-1.5898197564301335,False,0.10408223897588897,False,0,False
2022-02-01,Motor Vehicles,107.8,106.60306647669218,0.7587386538534673,0.4381948694543496,0.1388825061947169,False,0.13993464817880313,False,0,False
2022-03-01,Motor Vehicles,115.0,107.84233902766528,7.63908624204046,-0.4814252697057384,-0.1883867992644836,False,0.14058507632233436,False,0,False
2022-04-01,Motor Vehicles,108.8,109.03623364320974,-1.8069771430011363,1.5707434997913907,0.5419276200040933,False,0.14240737666280845,False,0,False
2022-05-01,Motor Vehicles,110.9,110.15529829258118,3.670805390875626,-2.9261036834568017,-1.0583853698374734,False,0.12995636965348545,False,0,False
2022-06-01,Motor Vehicles,115.2,111.19211339154222,1.212704262261536,2.795182346196242,0.9776741133401017,False,0.10495912716409239,False,0,False
2022-07-01,Motor Vehicles,119.2,112.15478298503359,3.3441965590087386,3.701020455957675,1.3000387467536947,False,0.11225366048709357,False,0,False
2022-08-01,Motor Vehicles,114.7,113.08043101286798,-3.2053776716372515,4.824946658769278,1.7000153589639222,False,0.10866064093791644,False,0,False
2022-09-01,Motor Vehicles,117.7,114.00143259925734,1.0554941326412302,2.643073268101432,0.9235423797880357,False,0.09791860108563705,False,0,False
2022-10-01,Motor Vehicles,108.8,114.93585310631178,-4.634957612952623,-1.5008954933591667,-0.5511901979983523,False,0.12017316813798518,False,0,False
2022-11-01,Motor Vehicles,113.9,115.89191480836242,-2.650121039866833,0.6582062315044226,0.21717892727681956,False,0.13090821649007928,False,0,False
2022-12-01,Motor Vehicles,107.4,116.86298577298481,-9.476612388338085,0.013626615353274474,-0.012210485055549785,False,0.1328516995963615,False,0,False
2023-01-01,Motor Vehicles,118.2,117.83626268379713,6.398952386488615,-6.035215070285744,-2.1648386550951484,False,0.05600419418546332,False,0,False
2023-02-01,Motor Vehicles,116.8,118.81544252491096,1.2615235158814526,-3.2769660407924164,-1.1832483160772962,False,0.1012274511978784,False,0,False
2023-03-01,Motor Vehicles,122.4,119.82256684294755,5.30279187756307,-2.725358720510613,-0.9869453678189928,False,0.10923121157529792,False,0,False
2023-04-01,Motor Vehicles,112.9,120.86803911817223,-3.7637006097110084,-4.20433850846122,-1.5132764771320864,False,0.11012799941233092,False,0,False
2023-05-01,Motor Vehicles,126.1,121.93530050078286,3.158397998727574,1.0063015004895561,0.3410571374891851,False,0.12160591618526506,False,0,False
2023-06-01,Motor Vehicles,123.6,122.99262620499826,0.2943134647055182,0.31306033029621005,0.09435032168139755,False,0.10932117599222485,False,0,False
2023-07-01,Motor Vehicles,129.5,124.03555613732163,3.5155463051956506,1.9488975574827094,0.6765029849262315,False,0.10071985427188873,False,0,False
2023-08-01,Motor Vehicles,128.6,125.06264923615723,-0.904309274706006,4.4416600385487754,1.563613446206842,False,0.08738946339054249,False,0,False
2023-09-01,Motor Vehicles,130.5,126.05570812753666,1.882264716929194,2.562027155534139,0.8947001395623148,False,0.07091774605080392,False,0,False
2023-10-01,Motor Vehicles,135.7,126.98679366986688,-2.95896275975671,11.672169089889806,4.136766832680157,True,0.01852832051240927,False,1,True
2023-11-01,Motor Vehicles,126.7,127.81409615062897,-1.5946066765617448,0.480510525932786,0.15394156690471428,False,0.1016521352794546,False,0,False
2023-12-01,Motor Vehicles,118.5,128.5133190531495,-13.428205576212237,3.4148865230627337,1.198210992554702,False,0.07925787082344854,False,0,False
2024-01-01,Motor Vehicles,140.5,129.0947524885276,8.761836415480243,2.6434110959921497,0.9236626041007187,False,0.0459979077097068,False,0,False
2024-02-01,Motor Vehicles,130.4,129.57838821658527,1.9269128768047556,-1.1053010933900111,-0.4104082609697667,False,0.08440008463414073,False,0,False
2024-03-01,Motor Vehicles,130.5,129.9856137973487,3.886626206721683,-3.3722400040703775,-1.2171538847600367,False,0.07718200041396472,False,0,False
2024-04-01,Motor Vehicles,126.5,130.3565727848194,-5.658329146876481,1.8017563620570627,0.6241391938555304,False,0.10769465412317902,False,0,False
2024-05-01,Motor Vehicles,134.4,130.86965096887255,3.227392408443919,0.3029566226835243,0.09075467035520267,False,0.07585116832776728,False,0,False
2024-06-01,Motor Vehicles,128.9,131.47984495469066,-1.4367412661400316,-1.1431036885506387,-0.4238612384938053,False,0.07834047728843774,False,0,False
2024-07-01,Motor Vehicles,133.5,132.12277698624283,3.54501344643446,-2.167790432677293,-0.7885210635492482,False,0.06793086674549398,False,0,False
2024-08-01,Motor Vehicles,129.2,132.7803256118338,1.2472955083672228,-4.82762112020103,-1.7350868298666247,False,0.0568182378067863,False,0,False
2024-09-01,Motor Vehicles,132.6,133.44787785126607,2.365662366592468,-3.2135402178585366,-1.1606766866230878,False,0.040291243457397874,False,0,False
2024-10-01,Motor Vehicles,133.4,134.12575868390388,-1.2441600735996805,0.5184013896958106,0.16742595696852908,False,0.07425019791419352,False,0,False
2024-11-01,Motor Vehicles,134.4,134.8162932208732,-0.38661663080069475,-0.029676590072512,-0.027620989197833675,False,0.07001500305637309,False,0,False
2024-12-01,Motor Vehicles,116.0,135.5217526873759,-17.426544229928663,-2.0952084574472565,-0.7626909934900105,False,0.09079548853114705,False,0,False
2025-01-01,Motor Vehicles,148.3,136.24440844859754,11.563262634452181,0.49232891695029934,0.15814743023376165,False,0.009714416434093875,False,0,False
2025-02-01,Motor Vehicles,142.0,136.98703984644783,2.750283679339749,2.2626764742124124,0.7881688823691254,False,0.04457184933628244,False,0,False
2025-03-01,Motor Vehicles,145.3,137.75167866740057,2.7180682648877035,4.8302530677117375,1.7019037742944818,False,0.006714847305620553,False,0,False
2012-04-01,Textiles,98.0,105.7299057339424,-5.9376257816549565,-1.7922799522874442,-1.3902669868514752,False,0.04039105946630661,False,0,False
2012-05-01,Textiles,106.5,106.14477405111518,-1.8001456046335262,2.15537155351835,1.5761680156630473,False,0.10547254766922465,False,0,False
2012-06-01,Textiles,103.4,106.55923917973581,-3.307985317401213,0.14874613766541245,0.06830343801047033,False,0.0826898945562714,False,0,False
2012-07-01,Textiles,108.7,106.97341027266611,1.870153711801017,-0.1435639844671357,-0.15135095058184023,False,0.14075847908503802,False,0,False
2012-08-01,Textiles,113.1,107.38705200133516,6.027479506229613,-0.3145315075647801,-0.27982329523135613,False,0.13335048770245578,False,0,False
2012-09-01,Textiles,110.8,107.79989532627086,2.752809479706442,0.24729519402269773,0.14235743437085957,False,0.11554960034864825,False,0,False
2012-10-01,Textiles,113.6,108.21166584642515,5.0005970899304275,0.3877370636444226,0.24789149107565145,False,0.14422743872062166,False,0,False
2012-11-01,Textiles,104.3,108.62176445802451,-3.671744871233139,-0.6500195867913732,-0.5319234564741835,False,0.099031589056014,False,0,False
2012-12-01,Textiles,111.0,109.02905001899163,2.410205943664995,-0.4392559626566168,-0.37354661115978516,False,0.11503465256490697,False,0,False
2013-01-01,Textiles,111.4,109.43213237892178,1.623594766554481,0.34427285452375145,0.2152306163498689,False,0.13701655875584245,False,0,False
2013-02-01,Textiles,103.9,109.82921035489267,-6.3146194466701004,0.3854090917774329,0.24614215296387762,False,0.1015888177392294,False,0,False
2013-03-01,Textiles,111.2,110.2204983430027,1.038023215925242,-0.05852155892793576,-0.08744641710232687,False,0.12066574282294174,False,0,False
2013-04-01,Textiles,107.9,110.61552794859087,-4.817087198288149,2.1015592496972886,1.5357311378418987,False,0.10977143211808937,False,0,False
2013-05-01,Textiles,107.3,111.00345424346388,-1.5705307970451587,-2.1329234464187152,-1.646241148421644,False,0.12260598039329401,False,0,False
2013-06-01,Textiles,109.0,111.37586825997556,-2.817150755367052,0.44128249539149067,0.2881278297508489,False,0.1284043266271293,False,0,False
2013-07-01,Textiles,113.3,111.73220170905692,1.6252144569601221,-0.05741616601704891,-0.08661577736182201,False,0.14042768891884783,False,0,False
2013-08-01,Textiles,117.3,112.0690358003551,4.913240249161566,0.3177239504833409,0.19528062884260095,False,0.1354990891358644,False,0,False
2013-09-01,Textiles,115.0,112.38293800956023,2.5128827737869024,0.10417921665286656,0.034813938177092704,False,0.1288134893217046,False,0,False
2013-10-01,Textiles,116.2,112.67697301030293,4.116100254549911,-0.5930732648528334,-0.4891315427466156,False,0.13822566666870262,False,0,False
2013-11-01,Textiles,110.2,112.95719160852487,-3.3248169748690475,0.5676253663441884,0.3830672929129489,False,0.14158718917953456,False,0,False
2013-12-01,Textiles,117.1,113.22603562645061,2.058317610099437,1.8156467634499478,1.320884207809522,False,0.10135533956460646,False,0,False
2014-01-01,Textiles,114.9,113.48536269367426,1.3462979004326283,0.06833940589311283,0.007882364058944002,False,0.15013166361884533,False,0,False
2014-02-01,Textiles,107.1,113.74332133118098,-5.617194834933734,-1.0261264962472438,-0.8145463524559095,False,0.11427907169476786,False,0,False
2014-03-01,Textiles,115.6,114.00415492491625,1.2981460845092132,0.2976989905745313,0.18023301334004724,False,0.1261289217359659,False,0,False
2014-04-01,Textiles,111.0,114.27069272689269,-3.7867685045661164,0.5160757776734215,0.3443307165020645,False,0.14138625810910466,False,0,False
2014-05-01,Textiles,112.4,114.54899245910865,-1.2941840300030343,-0.8548084291056028,-0.6858105939461516,False,0.1417652304940617,False,0,False
2014-06-01,Textiles,111.9,114.83627904159584,-2.25330683994201,-0.6829722016538256,-0.5566854675100097,False,0.12737271648181242,False,0,False
2014-07-01,Textiles,120.9,115.1423856089476,1.3456749800666727,4.411939410985724,3.2718500859004123,False,0.06952225550588242,False,0,False
2014-08-01,Textiles,126.3,115.47106187302565,3.7559563538913237,7.072981773083029,5.27147168230779,True,0.03514463479616359,False,1,True
2014-09-01,Textiles,117.0,115.81422597458872,2.275173179345122,-1.0893991539338401,-0.862092146756039,False,0.11774241980958505,False,0,False
2014-10-01,Textiles,112.7,116.16765567868082,3.191578860498348,-6.659234539179167,-5.047505834042276,True,0.08481483404377177,False,1,True
2014-11-01,Textiles,114.4,116.5319354433545,-3.0381959835119234,0.9062605401574331,0.637532316283129,False,0.1381704810004707,False,0,False
2014-12-01,Textiles,117.8,116.90592312338542,1.8555405274630492,-0.9614636508484722,-0.7659559113617563,False,0.1204509514032508,False,0,False
2015-01-01,Textiles,117.7,117.29022750037144,1.112674747841109,-0.7029022482125526,-0.5716617610421523,False,0.1408884569940141,False,0,False
2015-02-01,Textiles,113.3,117.69235066429734,-4.997811093787709,0.605460429490364,0.41149818542564887,False,0.150010652612449,False,0,False
2015-03-01,Textiles,126.8,118.09762274687303,1.5692650882944656,7.133112164832497,5.316656242935342,True,-0.019829057497588565,True,2,True
2015-04-01,Textiles,116.6,118.4754445859062,-3.0341385658316438,1.158693979925431,0.8272216519379185,False,0.14367282659082292,False,0,False
2015-05-01,Textiles,118.4,118.80959086717142,-0.8149629884738542,0.4053721213024346,0.26114323131441153,False,0.1355887256033348,False,0,False
2015-06-01,Textiles,116.9,119.09140436918916,-1.6938668427339754,-0.4975375264551758,-0.41734188300661923,False,0.11902492386350011,False,0,False
2015-07-01,Textiles,120.5,119.31489251208207,1.1377473560154598,0.04736013190246524,-0.007882364058944002,False,0.12741062157840782,False,0,False
2015-08-01,Textiles,122.9,119.49048860096303,2.6789786491357552,0.7305327499012151,0.5054829023052427,False,0.1002641448430931,False,0,False
2015-09-01,Textiles,123.7,119.6345464258688,2.0118787149249333,2.0535748592062646,1.499673604567354,False,0.0649081188898678,False,0,False
2015-10-01,Textiles,123.0,119.73759947772658,2.282385545469263,0.9800149768041564,0.6929545697768352,False,0.08024349937822045,False,0,False
2015-11-01,Textiles,111.0,119.78608565761289,-2.764073882754775,-6.022011774858115,-4.568669262551352,True,0.05677765567707327,False,1,True
2015-12-01,Textiles,120.8,119.77954602932546,1.7835401361151861,-0.7630861654406544,-0.6168865430147535,False,0.10345481129071926,False,0,False
2016-01-01,Textiles,121.1,119.72625869004989,0.9204879963587558,0.4532533135913468,0.29712321702466615,False,0.118654344685454,False,0,False
2016-02-01,Textiles,116.7,119.62961764777013,-4.333442870112866,1.403825222342732,1.011423802671618,False,0.1191194263343105,False,0,False
2016-03-01,Textiles,120.9,119.48509398877603,1.8200572338640897,-0.4051512226401144,-0.3479188437674961,False,0.10492969718921108,False,0,False
2016-04-01,Textiles,114.3,119.28355806602829,-2.7665713977448276,-2.216986668283468,-1.7094098661762387,False,0.12047012024223203,False,0,False
2016-05-01,Textiles,120.6,119.03637736155551,-0.19120105269125914,1.7548236911357407,1.2751791372357943,False,0.09466528042502609,False,0,False
2016-06-01,Textiles,120.0,118.78504492609532,-1.2838460959554798,2.498801169860158,1.8342357892033878,False,0.06354905524042154,False,0,False
2016-07-01,Textiles,119.4,118.56508507345279,0.5412615812132862,0.2936533453339223,0.17719294163365448,False,0.13048652129828014,False,0,False
2016-08-01,Textiles,119.5,118.37925299888737,0.7903557830209027,0.33039121809173366,0.20479935813379874,False,0.12699325950074847,False,0,False
2016-09-01,Textiles,119.3,118.21281825758945,2.309744906555,-1.2225631641444465,-0.9621573071135291,False,0.10362160893361899,False,0,False
2016-10-01,Textiles,116.3,118.04729104623115,2.2991619490770843,-4.046452995308243,-3.0841494905900246,False,0.09656470031378328,False,0,False
2016-11-01,Textiles,114.0,117.87918033661312,-2.738672995547569,-1.1405073410655433,-0.9004970350800402,False,0.13796014495850983,False,0,False
2016-12-01,Textiles,114.0,117.71338523889081,2.401338785023563,-6.114724023914377,-4.638337231053097,True,0.04363650113619566,False,1,True
2017-01-01,Textiles,118.1,117.55887882000796,1.1655965029479476,-0.6244753229559166,-0.5127283987940611,False,0.1414594232205046,False,0,False
2017-02-01,Textiles,112.5,117.4392232208388,-3.8074930644349747,-1.131730156403819,-0.8939014813018558,False,0.13517794759933444,False,0,False
2017-03-01,Textiles,120.5,117.39179977395209,2.053928307638719,1.0542719184091993,0.7487544270927391,False,0.12214163216834101,False,0,False
2017-04-01,Textiles,116.0,117.43735508216947,-2.598011514064374,1.1606564318948926,0.8286963226894788,False,0.14620623076884276,False,0,False
2017-05-01,Textiles,116.7,117.54812507109474,0.2063177355061074,-1.0544428066008464,-0.8358244450259995,False,0.13071234863698772,False,0,False
2017-06-01,Textiles,116.4,117.67833282433769,-1.227333307886171,-0.050999516451511795,-0.08179403110532373,False,0.1218407671616521,False,0,False
2017-07-01,Textiles,116.4,117.79640040170167,0.3805825783221821,-1.7769829800238455,-1.3787721844636511,False,0.11677225092028626,False,0,False
2017-08-01,Textiles,116.0,117.88944818916116,-1.8901179767785015,0.0006697876173404893,-0.042967495399223385,False,0.13864959342654942,False,0,False
2017-09-01,Textiles,115.2,117.96842823114505,2.414667924850985,-5.18309615599604,-3.9382720118597363,True,0.06432022028277462,False,1,True
2017-10-01,Textiles,113.5,118.05012902085069,2.2635343699139314,-6.813663390764617,-5.163550310123174,True,0.08416113732974118,False,1,True
2017-11-01,Textiles,117.7,118.14277448275891,-2.7929660475893794,2.3501915648304674,1.7225641450824236,False,0.10648247516899789,False,0,False
2017-12-01,Textiles,122.4,118.24949224518492,3.346826573981397,0.8036811808336779,0.5604497770605111,False,0.08529662716576475,False,0,False
2018-01-01,Textiles,120.4,118.36264283423657,1.5358830236831549,0.5014741420802835,0.33335841997240795,False,0.12734443669802964,False,0,False
2018-02-01,Textiles,115.0,118.46239572419525,-3.326267335784908,-0.13612838841034147,-0.1457635241398167,False,0.14237560116767262,False,0,False
2018-03-01,Textiles,119.0,118.51413557512255,2.9663566965602146,-2.4804922716827633,-1.9074193014399081,False,0.08602509119339846,False,0,False
2018-04-01,Textiles,116.2,118.48375964603868,-1.890472013059552,-0.39328763297912417,-0.33900403262622053,False,0.14510459476844223,False,0,False
2018-05-01,Textiles,118.9,118.36649843579072,0.34647140750101796,0.18703015670827483,0.0970716952790405,False,0.13253480427776115,False,0,False
2018-06-01,Textiles,117.1,118.1878527057605,-2.212214000575963,1.1243612948154578,0.8014225968058356,False,0.10680973256314846,False,0,False
2018-07-01,Textiles,120.1,117.98633567172402,0.25741515403029563,1.8562491742456757,1.3513946042803817,False,0.11760386082195784,False,0,False
2018-08-01,Textiles,124.4,117.77863778135618,-4.909328731139685,11.530690949783505,8.621185939847173,True,0.0258381320112544,False,1,True
2018-09-01,Textiles,121.6,117.55636004947553,1.9688113897930009,2.0748285607314614,1.5156445493289714,False,0.09272937126917319,False,0,False
2018-10-01,Textiles,120.2,117.30635399786748,2.335725521846417,0.5579204802861142,0.3757746244350585,False,0.11047774049055709,False,0,False
2018-11-01,Textiles,113.6,117.01674324047828,-2.3687113228856416,-1.0480319175926383,-0.8310070274998539,False,0.1404056904467506,False,0,False
2018-12-01,Textiles,120.4,116.68166682275005,3.815788922617972,-0.09745574536800916,-0.11670323809587227,False,0.11336239127495124,False,0,False
2019-01-01,Textiles,118.2,116.30721074322095,2.083126754123707,-0.19033749734465744,-0.186498578376843,False,0.14375065584667407,False,0,False
2019-02-01,Textiles,113.8,115.90431772490852,-2.1492431224524715,0.044925397543948975,-0.009711928095259092,False,0.15276104472769048,False,0,False
2019-03-01,Textiles,120.3,115.49199201681827,3.867628275656751,0.9403797075249685,0.6631709250070389,False,0.12796856336974388,False,0,False
2019-04-01,Textiles,119.8,115.09386099136546,-1.1993421614709796,5.905481170105517,4.394161552719142,True,0.04889086732818315,False,1,True
2019-05-01,Textiles,115.6,114.72220601202946,0.8812845348487812,-0.0034905468782540083,-0.04609374954089464,False,0.1450235875383949,False,0,False
2019-06-01,Textiles,110.1,114.37284658383902,-2.92381909360163,-1.3490274902373898,-1.0571880368878743,False,0.11556261050638544,False,0,False
2019-07-01,Textiles,113.8,114.03622977341942,1.0157757031560348,-1.2520054765754622,-0.9842815260375868,False,0.13075554360217823,False,0,False
2019-08-01,Textiles,115.0,113.70648289596548,-7.901443091690847,9.194960195725372,6.866017466870889,True,0.049872160621259654,False,1,True
2019-09-01,Textiles,115.2,113.40050269492866,0.9856636697583434,0.8138336353130029,0.5680787676855986,False,0.12293129188520319,False,0,False
2019-10-01,Textiles,115.9,113.11465773527082,2.349430568039133,0.4359116966900416,0.28409198078190956,False,0.14241526566090734,False,0,False
2019-11-01,Textiles,119.7,112.56814123369419,-2.001047638992634,9.132906405298442,6.819387581813806,True,0.019791707464912767,False,1,True
2019-12-01,Textiles,123.5,111.8991658719557,3.877704789495956,7.723129338548347,5.76002050485697,True,0.03640117788562458,False,1,True
2020-01-01,Textiles,122.2,111.43322681495883,2.8340281968269014,7.932744988214267,5.917534712818163,True,0.04508224870706401,False,1,True
2020-02-01,Textiles,116.7,111.15061393302926,-0.9427828980635332,6.492168965034267,4.835023976331041,True,0.034071026013027694,False,1,True
2020-03-01,Textiles,100.3,110.9667239194318,5.01410664227362,-15.68083056170542,-11.826720812975687,True,-0.060251402060049086,True,2,True
2020-04-01,Textiles,11.0,110.77225012693722,-0.26233295797650746,-99.50991716896071,-74.81949927248772,True,-0.2214427016231879,True,2,True
2020-05-01,Textiles,40.2,110.39804848042682,0.33757664687826017,-70.53562512730508,-53.046970983443366,True,-0.1725691111826796,True,2,True
2020-06-01,Textiles,63.1,109.5888691131996,-3.0980397579611174,-43.390829355238495,-32.64920481894244,True,-0.15048505258263667,True,2,True
2020-07-01,Textiles,93.9,108.14411850903694,2.281761663268824,-16.52588017230576,-12.461727408684402,True,-0.06808896160323841,True,2,True
2020-08-01,Textiles,96.6,107.38178137781664,-10.557043910985623,-0.2247374668310158,-0.21234819388107062,False,0.02139730902335757,False,0,False
2020-09-01,Textiles,105.4,108.18348335002621,-2.3210328964414755,-0.46245045358472225,-0.3909759484894472,False,0.0808490958245125,False,0,False
2020-10-01,Textiles,110.7,109.19579075833212,1.8389007621393316,-0.334691520471452,-0.29497239536077324,False,0.14004933667393304,False,0,False
2020-11-01,Textiles,108.9,110.10363862495102,-1.5439705069962906,0.34033188204527676,0.2122692002555403,False,0.13721528746623307,False,0,False
2020-12-01,Textiles,114.9,110.94228724789252,3.6272723797948716,0.3304403723126086,0.20483629472790038,False,0.1297840460274612,False,0,False
2021-01-01,Textiles,115.3,111.74220483244694,2.6566015410050774,0.901193626547979,0.6337248196326024,False,0.13878357570213434,False,0,False
2021-02-01,Textiles,113.5,112.51941883417817,-0.2686188780497562,1.249200043871582,0.8952317981311241,False,0.13822715014958126,False,0,False
2021-03-01,Textiles,119.6,113.2756607696528,5.393416576497495,0.9309226538496915,0.6560644884328525,False,0.12925672425364276,False,0,False
2021-04-01,Textiles,114.6,113.95224858513137,1.0835797030317156,-0.43582828816309416,-0.37097090923172543,False,0.1483156225994533,False,0,False
2021-05-01,Textiles,105.3,114.3045093587619,-0.17348993570803684,-8.831019423053874,-6.679478334143406,True,0.032496278685947955,False,1,True
2021-06-01,Textiles,111.3,114.26214023837838,-3.364987642637038,0.40284740425865095,0.2592460504211361,False,0.1279418517216213,False,0,False
2021-07-01,Textiles,117.8,114.14779359426325,2.0963585972352337,1.555847808501511,1.1256601074951185,False,0.1207876392208484,False,0,False
2021-08-01,Textiles,120.2,114.09416416402941,-7.9370002895038745,14.042836125474466,10.508919791127578,True,0.002655532841818742,False,1,True
2021-09-01,Textiles,121.4,114.05782269069606,-0.9754596556288196,8.317636964932774,6.206759085903174,True,0.03164713667490193,False,1,True
2021-10-01,Textiles,125.6,114.00582071562918,1.9458693258478565,9.648309958522958,7.206683962575126,True,-0.013945086816235963,True,2,True
2021-11-01,Textiles,117.9,113.9153479891297,-1.779641613542934,5.7642936244132414,4.288067162967483,True,0.06840978924955432,False,1,True
2021-12-01,Textiles,124.9,113.80000558973676,3.24593206057667,7.854062349686586,5.8584091966282354,True,0.010779471182548628,False,1,True
2022-01-01,Textiles,122.6,113.663231185162,2.1195211744963367,6.817247640341648,5.07930206409655,True,0.04903215388090887,False,1,True
2022-02-01,Textiles,113.0,113.48370939644154,-0.8980672640570608,0.4143578676155215,0.26789550728093353,False,0.1537002107014458,False,0,False
2022-03-01,Textiles,118.5,113.23175576893631,4.451995160015613,0.8162490710480768,0.5698938299068483,False,0.12967537891748493,False,0,False
2022-04-01,Textiles,114.1,112.87370887294075,-0.21876394363208487,1.4450550706913248,1.0424056826855341,False,0.14142622044823683,False,0,False
2022-05-01,Textiles,111.5,112.33645650711235,-0.5469780472735446,-0.28947845983880427,-0.26099735844724486,False,0.14822153998738624,False,0,False
2022-06-01,Textiles,107.8,111.70858355718663,-2.6777141995030376,-1.2308693576835879,-0.9683989379200811,False,0.12222944780654804,False,0,False
2022-07-01,Textiles,107.2,111.0929385203134,1.6386530209175336,-5.531591541230924,-4.200146421861519,True,0.06539785754903582,False,1,True
2022-08-01,Textiles,105.2,110.5340375232287,-4.831388652211315,-0.5026488710173851,-0.42118276698458706,False,0.10731871846791274,False,0,False
2022-09-01,Textiles,103.9,110.04703610138876,-0.4364716068790917,-5.710564494509654,-4.334634390804221,True,0.016182078625925245,False,1,True
2022-10-01,Textiles,102.3,109.62073128209862,1.9764341938091996,-9.297165475907818,-7.029760512151332,True,-0.007966598525456337,True,2,True
2022-11-01,Textiles,107.7,109.23626556996709,-2.598284258435614,1.0620186884685268,0.7545756830538145,False,0.11467056817115112,False,0,False
2022-12-01,Textiles,110.7,108.87605567201197,3.5574846620855967,-1.7335403340975688,-1.3461275132488737,False,0.09837807965867523,False,0,False
2023-01-01,Textiles,107.9,108.54309943013224,2.183783900042887,-2.8268833301751215,-2.1677124298881965,False,0.06376511439572774,False,0,False
2023-02-01,Textiles,102.0,108.26160040227589,-2.049092610082517,-4.212507792193378,-3.2089302016257,False,0.03514247658343028,False,0,False
2023-03-01,Textiles,110.2,108.0556789801604,3.058129343719487,-0.9138083238798771,-0.730145650560364,False,0.10820075575319449,False,0,False
2023-04-01,Textiles,105.6,107.92098026032481,-1.4023677999922306,-0.9186124603325823,-0.7337556851617469,False,0.12397618305978214,False,0,False
2023-05-01,Textiles,107.4,107.83403953492095,-0.7240763020876224,0.2900367671666828,0.17447528936651518,False,0.14177911952989947,False,0,False
2023-06-01,Textiles,107.8,107.7759726209972,-2.002622783018998,2.026650162021795,1.4794412299409085,False,0.09402268623166637,False,0,False
2023-07-01,Textiles,108.5,107.74268631575339,1.2050015193163766,-0.4476878350697717,-0.37988268247366214,False,0.13599969920289984,False,0,False
2023-08-01,Textiles,107.1,107.72473705212442,-1.7724500478275615,1.147712995703131,0.8189700684556421,False,0.10006380681290922,False,0,False
2023-09-01,Textiles,108.4,107.72181713995256,0.11291868077475452,0.5652641792726882,0.38129299546899226,False,0.10262326978316,False,0,False
2023-10-01,Textiles,110.2,107.72946048880655,2.0732612693771455,0.3972782418163092,0.2550611424120692,False,0.13432910707026446,False,0,False
2023-11-01,Textiles,102.7,107.73477315820647,-3.2429682068729293,-1.791804951333532,-1.3899100507202484,False,0.06405289203426201,False,0,False
2023-12-01,Textiles,112.3,107.73797557614704,3.8831780561011744,0.6788463677517882,0.4666435333954217,False,0.11431011224796389,False,0,False
2024-01-01,Textiles,109.7,107.74686731347528,2.351627494108611,-0.3984948075838872,-0.34291692741671975,False,0.12034457816607519,False,0,False
2024-02-01,Textiles,104.1,107.77131333457065,-3.1809054651392272,-0.4904078694314222,-0.41198435230258384,False,0.10254356644226031,False,0,False
2024-03-01,Textiles,106.9,107.82381656386741,1.925128829228837,-2.848945393096244,-2.18429081214424,False,0.06788234838663343,False,0,False
2024-04-01,Textiles,105.3,107.91795102029585,-2.6499732067041153,0.032022186408269704,-0.019407955493174287,False,0.12645732624568073,False,0,False
2024-05-01,Textiles,107.0,108.15254834726348,-0.8743810489491869,-0.2781672983142869,-0.25249766554981545,False,0.14004491810850173,False,0,False
2024-06-01,Textiles,106.2,108.4142651670037,-1.316385853013994,-0.897879313989705,-0.7181759079363982,False,0.11006930301086915,False,0,False
2024-07-01,Textiles,109.1,108.68363723488146,0.5681569071648276,-0.15179414204629893,-0.15753544470021266,False,0.13984944783043723,False,0,False
2024-08-01,Textiles,109.4,108.95866888684294,1.2654505051859937,-0.8241193920289334,-0.6627495325419698,False,0.12058432386312062,False,0,False
2024-09-01,Textiles,109.3,109.2395232948518,0.690310052166547,-0.6298333470183479,-0.5167546483502177,False,0.11179753477125365,False,0,False
2024-10-01,Textiles,111.1,109.52662417143199,2.1536286521012866,-0.5802528235332858,-0.4794977121457995,False,0.14047610436452018,False,0,False
2024-11-01,Textiles,106.2,109.82051792150475,-3.9596067459149644,0.3390888244102257,0.2113351133247828,False,0.11939535704913595,False,0,False
2024-12-01,Textiles,114.2,110.12176656202483,4.303412666155814,-0.22517922818063596,-0.2126801523450698,False,0.13307609867172054,False,0,False
2025-01-01,Textiles,113.7,110.43069750983683,2.688191162097552,0.5811113280656173,0.3932012241462865,False,0.1465193892497687,False,0,False
2025-02-01,Textiles,106.7,110.7475252984925,-4.29547371077275,0.24794841228025177,0.14284829064341556,False,0.11922538583882153,False,0,False
2025-03-01,Textiles,113.0,111.07214014690439,0.8004104208941991,1.1274494322014164,0.8037431559587418,False,0.11704470539606876,False,0,False
