model,evaluation_type,period,MAE,RMSE,MAPE,AIC
TESM,Final Test,Apr 2024-Mar 2025,4.458551813300915,6.103024476046267,3.402380226103237,
Paper SARIMA,Final Test,Apr 2024-Mar 2025,5.015810781631096,6.824236271496022,3.811084363509445,763.682033
Lowest-AIC SARIMA,Final Test,Apr 2024-Mar 2025,4.820804037287314,6.650211617132023,3.6747266738309774,753.442834
Second-AIC SARIMA,Final Test,Apr 2024-Mar 2025,5.038403097872518,6.831407418420929,3.82716602561221,
SARIMAX-CPI,Final Test,Apr 2024-Mar 2025,5.259865,6.845576,3.979323,708.018899
Random Forest,Final Test,Apr 2024-Mar 2025,6.503566666666707,8.689590101188122,5.10276340113619,
XGBoost,Final Test,Apr 2024-Mar 2025,5.959216944376629,7.368707110491003,4.629179207470783,
LSTM,Final Test,Apr 2024-Mar 2025,7.016927,9.360733,5.454768,
GRU,Final Test,Apr 2024-Mar 2025,6.358302,8.124222,4.8355,
Paper SARIMA,Walk-Forward,2021-2023 average,4.465328910464255,5.634569558930418,3.5885976361685774,
Second-AIC SARIMA,Walk-Forward,2021-2023 average,4.585579135046421,5.690190366441161,3.670075117995533,
Lowest-AIC SARIMA,Walk-Forward,2021-2023 average,5.225289182242406,6.220274476603347,4.1858064855298585,
SARIMAX-CPI,Walk-Forward,2021-2023 average,4.424115,5.838509,3.400661,
Random Forest,Walk-Forward,2021-2023 average,6.211794444444387,7.803261782177175,4.610166403341695,
XGBoost,Walk-Forward,2021-2023 average,7.152592849731447,8.778964640110024,5.359814590744802,
LSTM,Walk-Forward,2021-2023 average,6.283107,7.744442,4.748827,
GRU,Walk-Forward,2021-2023 average,7.30722,8.534474,5.577198,
