date,year,month,index,growth_rate
2018-04-01,2018,4,104.911,
2018-05-01,2018,5,102.249,-2.538
2018-06-01,2018,6,102.998,0.732
2018-07-01,2018,7,101.365,-1.585
2018-08-01,2018,8,96.004,-5.29
2018-09-01,2018,9,96.377,0.389
2018-10-01,2018,10,99.015,2.737
2018-11-01,2018,11,100.245,1.243
2018-12-01,2018,12,103.195,2.943
2019-01-01,2019,1,104.711,1.468
2019-02-01,2019,2,109.128,4.219
2019-03-01,2019,3,109.973,0.775
2019-04-01,2019,4,108.645,-1.208
2019-05-01,2019,5,108.452,-0.177
2019-06-01,2019,6,105.098,-3.093
2019-07-01,2019,7,100.64,-4.242
2019-08-01,2019,8,100.113,-0.523
2019-09-01,2019,9,97.175,-2.935
2019-10-01,2019,10,99.83,2.733
2019-11-01,2019,11,100.009,0.179
2019-12-01,2019,12,102.127,2.118
2020-01-01,2020,1,104.019,1.852
2020-02-01,2020,2,108.75,4.549
2020-03-01,2020,3,108.119,-0.58
2020-04-01,2020,4,89.78,-16.963
2020-05-01,2020,5,82.79,-7.786
2020-06-01,2020,6,92.163,11.322
2020-07-01,2020,7,95.998,4.16
2020-08-01,2020,8,97.655,1.726
2020-09-01,2020,9,100.329,2.738
2020-10-01,2020,10,105.591,5.245
2020-11-01,2020,11,104.31,-1.213
2020-12-01,2020,12,107.111,2.685
2021-01-01,2021,1,109.797,2.508
2021-02-01,2021,2,114.287,4.089
2021-03-01,2021,3,116.453,1.896
2021-04-01,2021,4,114.888,-1.344
2021-05-01,2021,5,112.732,-1.877
2021-06-01,2021,6,110.687,-1.814
2021-07-01,2021,7,110.34,-0.313
2021-08-01,2021,8,108.527,-1.644
2021-09-01,2021,9,107.262,-1.165
2021-10-01,2021,10,105.857,-1.31
2021-11-01,2021,11,108.45,2.449
2021-12-01,2021,12,110.442,1.837
2022-01-01,2022,1,112.895,2.221
2022-02-01,2022,2,115.609,2.404
2022-03-01,2022,3,115.565,-0.038
2022-04-01,2022,4,115.761,0.169
2022-05-01,2022,5,113.362,-2.072
2022-06-01,2022,6,111.349,-1.775
2022-07-01,2022,7,109.39,-1.76
2022-08-01,2022,8,104.715,-4.274
2022-09-01,2022,9,105.502,0.752
2022-10-01,2022,10,105.923,0.399
2022-11-01,2022,11,107.608,1.591
2022-12-01,2022,12,110.891,3.051
2023-01-01,2023,1,116.323,4.898
2023-02-01,2023,2,115.747,-0.495
2023-03-01,2023,3,119.848,3.544
2023-04-01,2023,4,116.628,-2.687
2023-05-01,2023,5,117.601,0.834
2023-06-01,2023,6,116.604,-0.847
2023-07-01,2023,7,115.287,-1.13
2023-08-01,2023,8,113.998,-1.118
2023-09-01,2023,9,113.606,-0.344
2023-10-01,2023,10,112.771,-0.735
2023-11-01,2023,11,114.448,1.487
2023-12-01,2023,12,118.776,3.782
2024-01-01,2024,1,120.004,1.034
2024-02-01,2024,2,120.619,0.512
2024-03-01,2024,3,121.793,0.974
2024-04-01,2024,4,121.714,-0.065
2024-05-01,2024,5,122.002,0.236
2024-06-01,2024,6,119.059,-2.412
2024-07-01,2024,7,117.132,-1.619
2024-08-01,2024,8,113.439,-3.153
2024-09-01,2024,9,113.083,-0.313
2024-10-01,2024,10,113.889,0.712
2024-11-01,2024,11,114.059,0.149
2024-12-01,2024,12,117.393,2.923
2025-01-01,2025,1,118.444,0.895
2025-02-01,2025,2,121.01,2.166
2025-03-01,2025,3,122.213,0.994
